date_key,date,year,quarter,month_number,month_name,year_month,day_of_week_number,day_of_week,is_weekend
20220113,2022-01-13T00:00:00,2022,Q1,1,January,2022-01,4,Thursday,False
20220114,2022-01-14T00:00:00,2022,Q1,1,January,2022-01,5,Friday,False
20220115,2022-01-15T00:00:00,2022,Q1,1,January,2022-01,6,Saturday,True
20220116,2022-01-16T00:00:00,2022,Q1,1,January,2022-01,7,Sunday,True
20220117,2022-01-17T00:00:00,2022,Q1,1,January,2022-01,1,Monday,False
20220118,2022-01-18T00:00:00,2022,Q1,1,January,2022-01,2,Tuesday,False
20220119,2022-01-19T00:00:00,2022,Q1,1,January,2022-01,3,Wednesday,False
20220120,2022-01-20T00:00:00,2022,Q1,1,January,2022-01,4,Thursday,False
20220121,2022-01-21T00:00:00,2022,Q1,1,January,2022-01,5,Friday,False
20220122,2022-01-22T00:00:00,2022,Q1,1,January,2022-01,6,Saturday,True
20220123,2022-01-23T00:00:00,2022,Q1,1,January,2022-01,7,Sunday,True
20220124,2022-01-24T00:00:00,2022,Q1,1,January,2022-01,1,Monday,False
20220125,2022-01-25T00:00:00,2022,Q1,1,January,2022-01,2,Tuesday,False
20220126,2022-01-26T00:00:00,2022,Q1,1,January,2022-01,3,Wednesday,False
20220127,2022-01-27T00:00:00,2022,Q1,1,January,2022-01,4,Thursday,False
20220128,2022-01-28T00:00:00,2022,Q1,1,January,2022-01,5,Friday,False
20220129,2022-01-29T00:00:00,2022,Q1,1,January,2022-01,6,Saturday,True
20220130,2022-01-30T00:00:00,2022,Q1,1,January,2022-01,7,Sunday,True
20220131,2022-01-31T00:00:00,2022,Q1,1,January,2022-01,1,Monday,False
20220201,2022-02-01T00:00:00,2022,Q1,2,February,2022-02,2,Tuesday,False
20220202,2022-02-02T00:00:00,2022,Q1,2,February,2022-02,3,Wednesday,False
20220203,2022-02-03T00:00:00,2022,Q1,2,February,2022-02,4,Thursday,False
20220204,2022-02-04T00:00:00,2022,Q1,2,February,2022-02,5,Friday,False
20220205,2022-02-05T00:00:00,2022,Q1,2,February,2022-02,6,Saturday,True
20220206,2022-02-06T00:00:00,2022,Q1,2,February,2022-02,7,Sunday,True
20220207,2022-02-07T00:00:00,2022,Q1,2,February,2022-02,1,Monday,False
20220208,2022-02-08T00:00:00,2022,Q1,2,February,2022-02,2,Tuesday,False
20220209,2022-02-09T00:00:00,2022,Q1,2,February,2022-02,3,Wednesday,False
20220210,2022-02-10T00:00:00,2022,Q1,2,February,2022-02,4,Thursday,False
20220211,2022-02-11T00:00:00,2022,Q1,2,February,2022-02,5,Friday,False
20220212,2022-02-12T00:00:00,2022,Q1,2,February,2022-02,6,Saturday,True
20220213,2022-02-13T00:00:00,2022,Q1,2,February,2022-02,7,Sunday,True
20220214,2022-02-14T00:00:00,2022,Q1,2,February,2022-02,1,Monday,False
20220215,2022-02-15T00:00:00,2022,Q1,2,February,2022-02,2,Tuesday,False
20220216,2022-02-16T00:00:00,2022,Q1,2,February,2022-02,3,Wednesday,False
20220217,2022-02-17T00:00:00,2022,Q1,2,February,2022-02,4,Thursday,False
20220218,2022-02-18T00:00:00,2022,Q1,2,February,2022-02,5,Friday,False
20220219,2022-02-19T00:00:00,2022,Q1,2,February,2022-02,6,Saturday,True
20220220,2022-02-20T00:00:00,2022,Q1,2,February,2022-02,7,Sunday,True
20220221,2022-02-21T00:00:00,2022,Q1,2,February,2022-02,1,Monday,False
20220222,2022-02-22T00:00:00,2022,Q1,2,February,2022-02,2,Tuesday,False
20220223,2022-02-23T00:00:00,2022,Q1,2,February,2022-02,3,Wednesday,False
20220224,2022-02-24T00:00:00,2022,Q1,2,February,2022-02,4,Thursday,False
20220225,2022-02-25T00:00:00,2022,Q1,2,February,2022-02,5,Friday,False
20220226,2022-02-26T00:00:00,2022,Q1,2,February,2022-02,6,Saturday,True
20220227,2022-02-27T00:00:00,2022,Q1,2,February,2022-02,7,Sunday,True
20220228,2022-02-28T00:00:00,2022,Q1,2,February,2022-02,1,Monday,False
20220301,2022-03-01T00:00:00,2022,Q1,3,March,2022-03,2,Tuesday,False
20220302,2022-03-02T00:00:00,2022,Q1,3,March,2022-03,3,Wednesday,False
20220303,2022-03-03T00:00:00,2022,Q1,3,March,2022-03,4,Thursday,False
20220304,2022-03-04T00:00:00,2022,Q1,3,March,2022-03,5,Friday,False
20220305,2022-03-05T00:00:00,2022,Q1,3,March,2022-03,6,Saturday,True
20220306,2022-03-06T00:00:00,2022,Q1,3,March,2022-03,7,Sunday,True
20220307,2022-03-07T00:00:00,2022,Q1,3,March,2022-03,1,Monday,False
20220308,2022-03-08T00:00:00,2022,Q1,3,March,2022-03,2,Tuesday,False
20220309,2022-03-09T00:00:00,2022,Q1,3,March,2022-03,3,Wednesday,False
20220310,2022-03-10T00:00:00,2022,Q1,3,March,2022-03,4,Thursday,False
20220311,2022-03-11T00:00:00,2022,Q1,3,March,2022-03,5,Friday,False
20220312,2022-03-12T00:00:00,2022,Q1,3,March,2022-03,6,Saturday,True
20220313,2022-03-13T00:00:00,2022,Q1,3,March,2022-03,7,Sunday,True
20220314,2022-03-14T00:00:00,2022,Q1,3,March,2022-03,1,Monday,False
20220315,2022-03-15T00:00:00,2022,Q1,3,March,2022-03,2,Tuesday,False
20220316,2022-03-16T00:00:00,2022,Q1,3,March,2022-03,3,Wednesday,False
20220317,2022-03-17T00:00:00,2022,Q1,3,March,2022-03,4,Thursday,False
20220318,2022-03-18T00:00:00,2022,Q1,3,March,2022-03,5,Friday,False
20220319,2022-03-19T00:00:00,2022,Q1,3,March,2022-03,6,Saturday,True
20220320,2022-03-20T00:00:00,2022,Q1,3,March,2022-03,7,Sunday,True
20220321,2022-03-21T00:00:00,2022,Q1,3,March,2022-03,1,Monday,False
20220322,2022-03-22T00:00:00,2022,Q1,3,March,2022-03,2,Tuesday,False
20220323,2022-03-23T00:00:00,2022,Q1,3,March,2022-03,3,Wednesday,False
20220324,2022-03-24T00:00:00,2022,Q1,3,March,2022-03,4,Thursday,False
20220325,2022-03-25T00:00:00,2022,Q1,3,March,2022-03,5,Friday,False
20220326,2022-03-26T00:00:00,2022,Q1,3,March,2022-03,6,Saturday,True
20220327,2022-03-27T00:00:00,2022,Q1,3,March,2022-03,7,Sunday,True
20220328,2022-03-28T00:00:00,2022,Q1,3,March,2022-03,1,Monday,False
20220329,2022-03-29T00:00:00,2022,Q1,3,March,2022-03,2,Tuesday,False
20220330,2022-03-30T00:00:00,2022,Q1,3,March,2022-03,3,Wednesday,False
20220331,2022-03-31T00:00:00,2022,Q1,3,March,2022-03,4,Thursday,False
20220401,2022-04-01T00:00:00,2022,Q2,4,April,2022-04,5,Friday,False
20220402,2022-04-02T00:00:00,2022,Q2,4,April,2022-04,6,Saturday,True
20220403,2022-04-03T00:00:00,2022,Q2,4,April,2022-04,7,Sunday,True
20220404,2022-04-04T00:00:00,2022,Q2,4,April,2022-04,1,Monday,False
20220405,2022-04-05T00:00:00,2022,Q2,4,April,2022-04,2,Tuesday,False
20220406,2022-04-06T00:00:00,2022,Q2,4,April,2022-04,3,Wednesday,False
20220407,2022-04-07T00:00:00,2022,Q2,4,April,2022-04,4,Thursday,False
20220408,2022-04-08T00:00:00,2022,Q2,4,April,2022-04,5,Friday,False
20220409,2022-04-09T00:00:00,2022,Q2,4,April,2022-04,6,Saturday,True
20220410,2022-04-10T00:00:00,2022,Q2,4,April,2022-04,7,Sunday,True
20220411,2022-04-11T00:00:00,2022,Q2,4,April,2022-04,1,Monday,False
20220412,2022-04-12T00:00:00,2022,Q2,4,April,2022-04,2,Tuesday,False
20220413,2022-04-13T00:00:00,2022,Q2,4,April,2022-04,3,Wednesday,False
20220414,2022-04-14T00:00:00,2022,Q2,4,April,2022-04,4,Thursday,False
20220415,2022-04-15T00:00:00,2022,Q2,4,April,2022-04,5,Friday,False
20220416,2022-04-16T00:00:00,2022,Q2,4,April,2022-04,6,Saturday,True
20220417,2022-04-17T00:00:00,2022,Q2,4,April,2022-04,7,Sunday,True
20220418,2022-04-18T00:00:00,2022,Q2,4,April,2022-04,1,Monday,False
20220419,2022-04-19T00:00:00,2022,Q2,4,April,2022-04,2,Tuesday,False
20220420,2022-04-20T00:00:00,2022,Q2,4,April,2022-04,3,Wednesday,False
20220421,2022-04-21T00:00:00,2022,Q2,4,April,2022-04,4,Thursday,False
20220422,2022-04-22T00:00:00,2022,Q2,4,April,2022-04,5,Friday,False
20220423,2022-04-23T00:00:00,2022,Q2,4,April,2022-04,6,Saturday,True
20220424,2022-04-24T00:00:00,2022,Q2,4,April,2022-04,7,Sunday,True
20220425,2022-04-25T00:00:00,2022,Q2,4,April,2022-04,1,Monday,False
20220426,2022-04-26T00:00:00,2022,Q2,4,April,2022-04,2,Tuesday,False
20220427,2022-04-27T00:00:00,2022,Q2,4,April,2022-04,3,Wednesday,False
20220428,2022-04-28T00:00:00,2022,Q2,4,April,2022-04,4,Thursday,False
20220429,2022-04-29T00:00:00,2022,Q2,4,April,2022-04,5,Friday,False
20220430,2022-04-30T00:00:00,2022,Q2,4,April,2022-04,6,Saturday,True
20220501,2022-05-01T00:00:00,2022,Q2,5,May,2022-05,7,Sunday,True
20220502,2022-05-02T00:00:00,2022,Q2,5,May,2022-05,1,Monday,False
20220503,2022-05-03T00:00:00,2022,Q2,5,May,2022-05,2,Tuesday,False
20220504,2022-05-04T00:00:00,2022,Q2,5,May,2022-05,3,Wednesday,False
20220505,2022-05-05T00:00:00,2022,Q2,5,May,2022-05,4,Thursday,False
20220506,2022-05-06T00:00:00,2022,Q2,5,May,2022-05,5,Friday,False
20220507,2022-05-07T00:00:00,2022,Q2,5,May,2022-05,6,Saturday,True
20220508,2022-05-08T00:00:00,2022,Q2,5,May,2022-05,7,Sunday,True
20220509,2022-05-09T00:00:00,2022,Q2,5,May,2022-05,1,Monday,False
20220510,2022-05-10T00:00:00,2022,Q2,5,May,2022-05,2,Tuesday,False
20220511,2022-05-11T00:00:00,2022,Q2,5,May,2022-05,3,Wednesday,False
20220512,2022-05-12T00:00:00,2022,Q2,5,May,2022-05,4,Thursday,False
20220513,2022-05-13T00:00:00,2022,Q2,5,May,2022-05,5,Friday,False
20220514,2022-05-14T00:00:00,2022,Q2,5,May,2022-05,6,Saturday,True
20220515,2022-05-15T00:00:00,2022,Q2,5,May,2022-05,7,Sunday,True
20220516,2022-05-16T00:00:00,2022,Q2,5,May,2022-05,1,Monday,False
20220517,2022-05-17T00:00:00,2022,Q2,5,May,2022-05,2,Tuesday,False
20220518,2022-05-18T00:00:00,2022,Q2,5,May,2022-05,3,Wednesday,False
20220519,2022-05-19T00:00:00,2022,Q2,5,May,2022-05,4,Thursday,False
20220520,2022-05-20T00:00:00,2022,Q2,5,May,2022-05,5,Friday,False
20220521,2022-05-21T00:00:00,2022,Q2,5,May,2022-05,6,Saturday,True
20220522,2022-05-22T00:00:00,2022,Q2,5,May,2022-05,7,Sunday,True
20220523,2022-05-23T00:00:00,2022,Q2,5,May,2022-05,1,Monday,False
20220524,2022-05-24T00:00:00,2022,Q2,5,May,2022-05,2,Tuesday,False
20220525,2022-05-25T00:00:00,2022,Q2,5,May,2022-05,3,Wednesday,False
20220526,2022-05-26T00:00:00,2022,Q2,5,May,2022-05,4,Thursday,False
20220527,2022-05-27T00:00:00,2022,Q2,5,May,2022-05,5,Friday,False
20220528,2022-05-28T00:00:00,2022,Q2,5,May,2022-05,6,Saturday,True
20220529,2022-05-29T00:00:00,2022,Q2,5,May,2022-05,7,Sunday,True
20220530,2022-05-30T00:00:00,2022,Q2,5,May,2022-05,1,Monday,False
20220531,2022-05-31T00:00:00,2022,Q2,5,May,2022-05,2,Tuesday,False
20220601,2022-06-01T00:00:00,2022,Q2,6,June,2022-06,3,Wednesday,False
20220602,2022-06-02T00:00:00,2022,Q2,6,June,2022-06,4,Thursday,False
20220603,2022-06-03T00:00:00,2022,Q2,6,June,2022-06,5,Friday,False
20220604,2022-06-04T00:00:00,2022,Q2,6,June,2022-06,6,Saturday,True
20220605,2022-06-05T00:00:00,2022,Q2,6,June,2022-06,7,Sunday,True
20220606,2022-06-06T00:00:00,2022,Q2,6,June,2022-06,1,Monday,False
20220607,2022-06-07T00:00:00,2022,Q2,6,June,2022-06,2,Tuesday,False
20220608,2022-06-08T00:00:00,2022,Q2,6,June,2022-06,3,Wednesday,False
20220609,2022-06-09T00:00:00,2022,Q2,6,June,2022-06,4,Thursday,False
20220610,2022-06-10T00:00:00,2022,Q2,6,June,2022-06,5,Friday,False
20220611,2022-06-11T00:00:00,2022,Q2,6,June,2022-06,6,Saturday,True
20220612,2022-06-12T00:00:00,2022,Q2,6,June,2022-06,7,Sunday,True
20220613,2022-06-13T00:00:00,2022,Q2,6,June,2022-06,1,Monday,False
20220614,2022-06-14T00:00:00,2022,Q2,6,June,2022-06,2,Tuesday,False
20220615,2022-06-15T00:00:00,2022,Q2,6,June,2022-06,3,Wednesday,False
20220616,2022-06-16T00:00:00,2022,Q2,6,June,2022-06,4,Thursday,False
20220617,2022-06-17T00:00:00,2022,Q2,6,June,2022-06,5,Friday,False
20220618,2022-06-18T00:00:00,2022,Q2,6,June,2022-06,6,Saturday,True
20220619,2022-06-19T00:00:00,2022,Q2,6,June,2022-06,7,Sunday,True
20220620,2022-06-20T00:00:00,2022,Q2,6,June,2022-06,1,Monday,False
20220621,2022-06-21T00:00:00,2022,Q2,6,June,2022-06,2,Tuesday,False
20220622,2022-06-22T00:00:00,2022,Q2,6,June,2022-06,3,Wednesday,False
20220623,2022-06-23T00:00:00,2022,Q2,6,June,2022-06,4,Thursday,False
20220624,2022-06-24T00:00:00,2022,Q2,6,June,2022-06,5,Friday,False
20220625,2022-06-25T00:00:00,2022,Q2,6,June,2022-06,6,Saturday,True
20220626,2022-06-26T00:00:00,2022,Q2,6,June,2022-06,7,Sunday,True
20220627,2022-06-27T00:00:00,2022,Q2,6,June,2022-06,1,Monday,False
20220628,2022-06-28T00:00:00,2022,Q2,6,June,2022-06,2,Tuesday,False
20220629,2022-06-29T00:00:00,2022,Q2,6,June,2022-06,3,Wednesday,False
20220630,2022-06-30T00:00:00,2022,Q2,6,June,2022-06,4,Thursday,False
20220701,2022-07-01T00:00:00,2022,Q3,7,July,2022-07,5,Friday,False
20220702,2022-07-02T00:00:00,2022,Q3,7,July,2022-07,6,Saturday,True
20220703,2022-07-03T00:00:00,2022,Q3,7,July,2022-07,7,Sunday,True
20220704,2022-07-04T00:00:00,2022,Q3,7,July,2022-07,1,Monday,False
20220705,2022-07-05T00:00:00,2022,Q3,7,July,2022-07,2,Tuesday,False
20220706,2022-07-06T00:00:00,2022,Q3,7,July,2022-07,3,Wednesday,False
20220707,2022-07-07T00:00:00,2022,Q3,7,July,2022-07,4,Thursday,False
20220708,2022-07-08T00:00:00,2022,Q3,7,July,2022-07,5,Friday,False
20220709,2022-07-09T00:00:00,2022,Q3,7,July,2022-07,6,Saturday,True
20220710,2022-07-10T00:00:00,2022,Q3,7,July,2022-07,7,Sunday,True
20220711,2022-07-11T00:00:00,2022,Q3,7,July,2022-07,1,Monday,False
20220712,2022-07-12T00:00:00,2022,Q3,7,July,2022-07,2,Tuesday,False
20220713,2022-07-13T00:00:00,2022,Q3,7,July,2022-07,3,Wednesday,False
20220714,2022-07-14T00:00:00,2022,Q3,7,July,2022-07,4,Thursday,False
20220715,2022-07-15T00:00:00,2022,Q3,7,July,2022-07,5,Friday,False
20220716,2022-07-16T00:00:00,2022,Q3,7,July,2022-07,6,Saturday,True
20220717,2022-07-17T00:00:00,2022,Q3,7,July,2022-07,7,Sunday,True
20220718,2022-07-18T00:00:00,2022,Q3,7,July,2022-07,1,Monday,False
20220719,2022-07-19T00:00:00,2022,Q3,7,July,2022-07,2,Tuesday,False
20220720,2022-07-20T00:00:00,2022,Q3,7,July,2022-07,3,Wednesday,False
20220721,2022-07-21T00:00:00,2022,Q3,7,July,2022-07,4,Thursday,False
20220722,2022-07-22T00:00:00,2022,Q3,7,July,2022-07,5,Friday,False
20220723,2022-07-23T00:00:00,2022,Q3,7,July,2022-07,6,Saturday,True
20220724,2022-07-24T00:00:00,2022,Q3,7,July,2022-07,7,Sunday,True
20220725,2022-07-25T00:00:00,2022,Q3,7,July,2022-07,1,Monday,False
20220726,2022-07-26T00:00:00,2022,Q3,7,July,2022-07,2,Tuesday,False
20220727,2022-07-27T00:00:00,2022,Q3,7,July,2022-07,3,Wednesday,False
20220728,2022-07-28T00:00:00,2022,Q3,7,July,2022-07,4,Thursday,False
20220729,2022-07-29T00:00:00,2022,Q3,7,July,2022-07,5,Friday,False
20220730,2022-07-30T00:00:00,2022,Q3,7,July,2022-07,6,Saturday,True
20220731,2022-07-31T00:00:00,2022,Q3,7,July,2022-07,7,Sunday,True
20220801,2022-08-01T00:00:00,2022,Q3,8,August,2022-08,1,Monday,False
20220802,2022-08-02T00:00:00,2022,Q3,8,August,2022-08,2,Tuesday,False
20220803,2022-08-03T00:00:00,2022,Q3,8,August,2022-08,3,Wednesday,False
20220804,2022-08-04T00:00:00,2022,Q3,8,August,2022-08,4,Thursday,False
20220805,2022-08-05T00:00:00,2022,Q3,8,August,2022-08,5,Friday,False
20220806,2022-08-06T00:00:00,2022,Q3,8,August,2022-08,6,Saturday,True
20220807,2022-08-07T00:00:00,2022,Q3,8,August,2022-08,7,Sunday,True
20220808,2022-08-08T00:00:00,2022,Q3,8,August,2022-08,1,Monday,False
20220809,2022-08-09T00:00:00,2022,Q3,8,August,2022-08,2,Tuesday,False
20220810,2022-08-10T00:00:00,2022,Q3,8,August,2022-08,3,Wednesday,False
20220811,2022-08-11T00:00:00,2022,Q3,8,August,2022-08,4,Thursday,False
20220812,2022-08-12T00:00:00,2022,Q3,8,August,2022-08,5,Friday,False
20220813,2022-08-13T00:00:00,2022,Q3,8,August,2022-08,6,Saturday,True
20220814,2022-08-14T00:00:00,2022,Q3,8,August,2022-08,7,Sunday,True
20220815,2022-08-15T00:00:00,2022,Q3,8,August,2022-08,1,Monday,False
20220816,2022-08-16T00:00:00,2022,Q3,8,August,2022-08,2,Tuesday,False
20220817,2022-08-17T00:00:00,2022,Q3,8,August,2022-08,3,Wednesday,False
20220818,2022-08-18T00:00:00,2022,Q3,8,August,2022-08,4,Thursday,False
20220819,2022-08-19T00:00:00,2022,Q3,8,August,2022-08,5,Friday,False
20220820,2022-08-20T00:00:00,2022,Q3,8,August,2022-08,6,Saturday,True
20220821,2022-08-21T00:00:00,2022,Q3,8,August,2022-08,7,Sunday,True
20220822,2022-08-22T00:00:00,2022,Q3,8,August,2022-08,1,Monday,False
20220823,2022-08-23T00:00:00,2022,Q3,8,August,2022-08,2,Tuesday,False
20220824,2022-08-24T00:00:00,2022,Q3,8,August,2022-08,3,Wednesday,False
20220825,2022-08-25T00:00:00,2022,Q3,8,August,2022-08,4,Thursday,False
20220826,2022-08-26T00:00:00,2022,Q3,8,August,2022-08,5,Friday,False
20220827,2022-08-27T00:00:00,2022,Q3,8,August,2022-08,6,Saturday,True
20220828,2022-08-28T00:00:00,2022,Q3,8,August,2022-08,7,Sunday,True
20220829,2022-08-29T00:00:00,2022,Q3,8,August,2022-08,1,Monday,False
20220830,2022-08-30T00:00:00,2022,Q3,8,August,2022-08,2,Tuesday,False
20220831,2022-08-31T00:00:00,2022,Q3,8,August,2022-08,3,Wednesday,False
20220901,2022-09-01T00:00:00,2022,Q3,9,September,2022-09,4,Thursday,False
20220902,2022-09-02T00:00:00,2022,Q3,9,September,2022-09,5,Friday,False
20220903,2022-09-03T00:00:00,2022,Q3,9,September,2022-09,6,Saturday,True
20220904,2022-09-04T00:00:00,2022,Q3,9,September,2022-09,7,Sunday,True
20220905,2022-09-05T00:00:00,2022,Q3,9,September,2022-09,1,Monday,False
20220906,2022-09-06T00:00:00,2022,Q3,9,September,2022-09,2,Tuesday,False
20220907,2022-09-07T00:00:00,2022,Q3,9,September,2022-09,3,Wednesday,False
20220908,2022-09-08T00:00:00,2022,Q3,9,September,2022-09,4,Thursday,False
20220909,2022-09-09T00:00:00,2022,Q3,9,September,2022-09,5,Friday,False
20220910,2022-09-10T00:00:00,2022,Q3,9,September,2022-09,6,Saturday,True
20220911,2022-09-11T00:00:00,2022,Q3,9,September,2022-09,7,Sunday,True
20220912,2022-09-12T00:00:00,2022,Q3,9,September,2022-09,1,Monday,False
20220913,2022-09-13T00:00:00,2022,Q3,9,September,2022-09,2,Tuesday,False
20220914,2022-09-14T00:00:00,2022,Q3,9,September,2022-09,3,Wednesday,False
20220915,2022-09-15T00:00:00,2022,Q3,9,September,2022-09,4,Thursday,False
20220916,2022-09-16T00:00:00,2022,Q3,9,September,2022-09,5,Friday,False
20220917,2022-09-17T00:00:00,2022,Q3,9,September,2022-09,6,Saturday,True
20220918,2022-09-18T00:00:00,2022,Q3,9,September,2022-09,7,Sunday,True
20220919,2022-09-19T00:00:00,2022,Q3,9,September,2022-09,1,Monday,False
20220920,2022-09-20T00:00:00,2022,Q3,9,September,2022-09,2,Tuesday,False
20220921,2022-09-21T00:00:00,2022,Q3,9,September,2022-09,3,Wednesday,False
20220922,2022-09-22T00:00:00,2022,Q3,9,September,2022-09,4,Thursday,False
20220923,2022-09-23T00:00:00,2022,Q3,9,September,2022-09,5,Friday,False
20220924,2022-09-24T00:00:00,2022,Q3,9,September,2022-09,6,Saturday,True
20220925,2022-09-25T00:00:00,2022,Q3,9,September,2022-09,7,Sunday,True
20220926,2022-09-26T00:00:00,2022,Q3,9,September,2022-09,1,Monday,False
20220927,2022-09-27T00:00:00,2022,Q3,9,September,2022-09,2,Tuesday,False
20220928,2022-09-28T00:00:00,2022,Q3,9,September,2022-09,3,Wednesday,False
20220929,2022-09-29T00:00:00,2022,Q3,9,September,2022-09,4,Thursday,False
20220930,2022-09-30T00:00:00,2022,Q3,9,September,2022-09,5,Friday,False
20221001,2022-10-01T00:00:00,2022,Q4,10,October,2022-10,6,Saturday,True
20221002,2022-10-02T00:00:00,2022,Q4,10,October,2022-10,7,Sunday,True
20221003,2022-10-03T00:00:00,2022,Q4,10,October,2022-10,1,Monday,False
20221004,2022-10-04T00:00:00,2022,Q4,10,October,2022-10,2,Tuesday,False
20221005,2022-10-05T00:00:00,2022,Q4,10,October,2022-10,3,Wednesday,False
20221006,2022-10-06T00:00:00,2022,Q4,10,October,2022-10,4,Thursday,False
20221007,2022-10-07T00:00:00,2022,Q4,10,October,2022-10,5,Friday,False
20221008,2022-10-08T00:00:00,2022,Q4,10,October,2022-10,6,Saturday,True
20221009,2022-10-09T00:00:00,2022,Q4,10,October,2022-10,7,Sunday,True
20221010,2022-10-10T00:00:00,2022,Q4,10,October,2022-10,1,Monday,False
20221011,2022-10-11T00:00:00,2022,Q4,10,October,2022-10,2,Tuesday,False
20221012,2022-10-12T00:00:00,2022,Q4,10,October,2022-10,3,Wednesday,False
20221013,2022-10-13T00:00:00,2022,Q4,10,October,2022-10,4,Thursday,False
20221014,2022-10-14T00:00:00,2022,Q4,10,October,2022-10,5,Friday,False
20221015,2022-10-15T00:00:00,2022,Q4,10,October,2022-10,6,Saturday,True
20221016,2022-10-16T00:00:00,2022,Q4,10,October,2022-10,7,Sunday,True
20221017,2022-10-17T00:00:00,2022,Q4,10,October,2022-10,1,Monday,False
20221018,2022-10-18T00:00:00,2022,Q4,10,October,2022-10,2,Tuesday,False
20221019,2022-10-19T00:00:00,2022,Q4,10,October,2022-10,3,Wednesday,False
20221020,2022-10-20T00:00:00,2022,Q4,10,October,2022-10,4,Thursday,False
20221021,2022-10-21T00:00:00,2022,Q4,10,October,2022-10,5,Friday,False
20221022,2022-10-22T00:00:00,2022,Q4,10,October,2022-10,6,Saturday,True
20221023,2022-10-23T00:00:00,2022,Q4,10,October,2022-10,7,Sunday,True
20221024,2022-10-24T00:00:00,2022,Q4,10,October,2022-10,1,Monday,False
20221025,2022-10-25T00:00:00,2022,Q4,10,October,2022-10,2,Tuesday,False
20221026,2022-10-26T00:00:00,2022,Q4,10,October,2022-10,3,Wednesday,False
20221027,2022-10-27T00:00:00,2022,Q4,10,October,2022-10,4,Thursday,False
20221028,2022-10-28T00:00:00,2022,Q4,10,October,2022-10,5,Friday,False
20221029,2022-10-29T00:00:00,2022,Q4,10,October,2022-10,6,Saturday,True
20221030,2022-10-30T00:00:00,2022,Q4,10,October,2022-10,7,Sunday,True
20221031,2022-10-31T00:00:00,2022,Q4,10,October,2022-10,1,Monday,False
20221101,2022-11-01T00:00:00,2022,Q4,11,November,2022-11,2,Tuesday,False
20221102,2022-11-02T00:00:00,2022,Q4,11,November,2022-11,3,Wednesday,False
20221103,2022-11-03T00:00:00,2022,Q4,11,November,2022-11,4,Thursday,False
20221104,2022-11-04T00:00:00,2022,Q4,11,November,2022-11,5,Friday,False
20221105,2022-11-05T00:00:00,2022,Q4,11,November,2022-11,6,Saturday,True
20221106,2022-11-06T00:00:00,2022,Q4,11,November,2022-11,7,Sunday,True
20221107,2022-11-07T00:00:00,2022,Q4,11,November,2022-11,1,Monday,False
20221108,2022-11-08T00:00:00,2022,Q4,11,November,2022-11,2,Tuesday,False
20221109,2022-11-09T00:00:00,2022,Q4,11,November,2022-11,3,Wednesday,False
20221110,2022-11-10T00:00:00,2022,Q4,11,November,2022-11,4,Thursday,False
20221111,2022-11-11T00:00:00,2022,Q4,11,November,2022-11,5,Friday,False
20221112,2022-11-12T00:00:00,2022,Q4,11,November,2022-11,6,Saturday,True
20221113,2022-11-13T00:00:00,2022,Q4,11,November,2022-11,7,Sunday,True
20221114,2022-11-14T00:00:00,2022,Q4,11,November,2022-11,1,Monday,False
20221115,2022-11-15T00:00:00,2022,Q4,11,November,2022-11,2,Tuesday,False
20221116,2022-11-16T00:00:00,2022,Q4,11,November,2022-11,3,Wednesday,False
20221117,2022-11-17T00:00:00,2022,Q4,11,November,2022-11,4,Thursday,False
20221118,2022-11-18T00:00:00,2022,Q4,11,November,2022-11,5,Friday,False
20221119,2022-11-19T00:00:00,2022,Q4,11,November,2022-11,6,Saturday,True
20221120,2022-11-20T00:00:00,2022,Q4,11,November,2022-11,7,Sunday,True
20221121,2022-11-21T00:00:00,2022,Q4,11,November,2022-11,1,Monday,False
20221122,2022-11-22T00:00:00,2022,Q4,11,November,2022-11,2,Tuesday,False
20221123,2022-11-23T00:00:00,2022,Q4,11,November,2022-11,3,Wednesday,False
20221124,2022-11-24T00:00:00,2022,Q4,11,November,2022-11,4,Thursday,False
20221125,2022-11-25T00:00:00,2022,Q4,11,November,2022-11,5,Friday,False
20221126,2022-11-26T00:00:00,2022,Q4,11,November,2022-11,6,Saturday,True
20221127,2022-11-27T00:00:00,2022,Q4,11,November,2022-11,7,Sunday,True
20221128,2022-11-28T00:00:00,2022,Q4,11,November,2022-11,1,Monday,False
20221129,2022-11-29T00:00:00,2022,Q4,11,November,2022-11,2,Tuesday,False
20221130,2022-11-30T00:00:00,2022,Q4,11,November,2022-11,3,Wednesday,False
20221201,2022-12-01T00:00:00,2022,Q4,12,December,2022-12,4,Thursday,False
20221202,2022-12-02T00:00:00,2022,Q4,12,December,2022-12,5,Friday,False
20221203,2022-12-03T00:00:00,2022,Q4,12,December,2022-12,6,Saturday,True
20221204,2022-12-04T00:00:00,2022,Q4,12,December,2022-12,7,Sunday,True
20221205,2022-12-05T00:00:00,2022,Q4,12,December,2022-12,1,Monday,False
20221206,2022-12-06T00:00:00,2022,Q4,12,December,2022-12,2,Tuesday,False
20221207,2022-12-07T00:00:00,2022,Q4,12,December,2022-12,3,Wednesday,False
20221208,2022-12-08T00:00:00,2022,Q4,12,December,2022-12,4,Thursday,False
20221209,2022-12-09T00:00:00,2022,Q4,12,December,2022-12,5,Friday,False
20221210,2022-12-10T00:00:00,2022,Q4,12,December,2022-12,6,Saturday,True
20221211,2022-12-11T00:00:00,2022,Q4,12,December,2022-12,7,Sunday,True
20221212,2022-12-12T00:00:00,2022,Q4,12,December,2022-12,1,Monday,False
20221213,2022-12-13T00:00:00,2022,Q4,12,December,2022-12,2,Tuesday,False
20221214,2022-12-14T00:00:00,2022,Q4,12,December,2022-12,3,Wednesday,False
20221215,2022-12-15T00:00:00,2022,Q4,12,December,2022-12,4,Thursday,False
20221216,2022-12-16T00:00:00,2022,Q4,12,December,2022-12,5,Friday,False
20221217,2022-12-17T00:00:00,2022,Q4,12,December,2022-12,6,Saturday,True
20221218,2022-12-18T00:00:00,2022,Q4,12,December,2022-12,7,Sunday,True
20221219,2022-12-19T00:00:00,2022,Q4,12,December,2022-12,1,Monday,False
20221220,2022-12-20T00:00:00,2022,Q4,12,December,2022-12,2,Tuesday,False
20221221,2022-12-21T00:00:00,2022,Q4,12,December,2022-12,3,Wednesday,False
20221222,2022-12-22T00:00:00,2022,Q4,12,December,2022-12,4,Thursday,False
20221223,2022-12-23T00:00:00,2022,Q4,12,December,2022-12,5,Friday,False
20221224,2022-12-24T00:00:00,2022,Q4,12,December,2022-12,6,Saturday,True
20221225,2022-12-25T00:00:00,2022,Q4,12,December,2022-12,7,Sunday,True
20221226,2022-12-26T00:00:00,2022,Q4,12,December,2022-12,1,Monday,False
20221227,2022-12-27T00:00:00,2022,Q4,12,December,2022-12,2,Tuesday,False
20221228,2022-12-28T00:00:00,2022,Q4,12,December,2022-12,3,Wednesday,False
20221229,2022-12-29T00:00:00,2022,Q4,12,December,2022-12,4,Thursday,False
20221230,2022-12-30T00:00:00,2022,Q4,12,December,2022-12,5,Friday,False
20221231,2022-12-31T00:00:00,2022,Q4,12,December,2022-12,6,Saturday,True
20230101,2023-01-01T00:00:00,2023,Q1,1,January,2023-01,7,Sunday,True
20230102,2023-01-02T00:00:00,2023,Q1,1,January,2023-01,1,Monday,False
20230103,2023-01-03T00:00:00,2023,Q1,1,January,2023-01,2,Tuesday,False
20230104,2023-01-04T00:00:00,2023,Q1,1,January,2023-01,3,Wednesday,False
20230105,2023-01-05T00:00:00,2023,Q1,1,January,2023-01,4,Thursday,False
20230106,2023-01-06T00:00:00,2023,Q1,1,January,2023-01,5,Friday,False
20230107,2023-01-07T00:00:00,2023,Q1,1,January,2023-01,6,Saturday,True
20230108,2023-01-08T00:00:00,2023,Q1,1,January,2023-01,7,Sunday,True
20230109,2023-01-09T00:00:00,2023,Q1,1,January,2023-01,1,Monday,False
20230110,2023-01-10T00:00:00,2023,Q1,1,January,2023-01,2,Tuesday,False
20230111,2023-01-11T00:00:00,2023,Q1,1,January,2023-01,3,Wednesday,False
20230112,2023-01-12T00:00:00,2023,Q1,1,January,2023-01,4,Thursday,False
20230113,2023-01-13T00:00:00,2023,Q1,1,January,2023-01,5,Friday,False
20230114,2023-01-14T00:00:00,2023,Q1,1,January,2023-01,6,Saturday,True
20230115,2023-01-15T00:00:00,2023,Q1,1,January,2023-01,7,Sunday,True
20230116,2023-01-16T00:00:00,2023,Q1,1,January,2023-01,1,Monday,False
20230117,2023-01-17T00:00:00,2023,Q1,1,January,2023-01,2,Tuesday,False
20230118,2023-01-18T00:00:00,2023,Q1,1,January,2023-01,3,Wednesday,False
20230119,2023-01-19T00:00:00,2023,Q1,1,January,2023-01,4,Thursday,False
20230120,2023-01-20T00:00:00,2023,Q1,1,January,2023-01,5,Friday,False
20230121,2023-01-21T00:00:00,2023,Q1,1,January,2023-01,6,Saturday,True
20230122,2023-01-22T00:00:00,2023,Q1,1,January,2023-01,7,Sunday,True
20230123,2023-01-23T00:00:00,2023,Q1,1,January,2023-01,1,Monday,False
20230124,2023-01-24T00:00:00,2023,Q1,1,January,2023-01,2,Tuesday,False
20230125,2023-01-25T00:00:00,2023,Q1,1,January,2023-01,3,Wednesday,False
20230126,2023-01-26T00:00:00,2023,Q1,1,January,2023-01,4,Thursday,False
20230127,2023-01-27T00:00:00,2023,Q1,1,January,2023-01,5,Friday,False
20230128,2023-01-28T00:00:00,2023,Q1,1,January,2023-01,6,Saturday,True
20230129,2023-01-29T00:00:00,2023,Q1,1,January,2023-01,7,Sunday,True
20230130,2023-01-30T00:00:00,2023,Q1,1,January,2023-01,1,Monday,False
20230131,2023-01-31T00:00:00,2023,Q1,1,January,2023-01,2,Tuesday,False
20230201,2023-02-01T00:00:00,2023,Q1,2,February,2023-02,3,Wednesday,False
20230202,2023-02-02T00:00:00,2023,Q1,2,February,2023-02,4,Thursday,False
20230203,2023-02-03T00:00:00,2023,Q1,2,February,2023-02,5,Friday,False
20230204,2023-02-04T00:00:00,2023,Q1,2,February,2023-02,6,Saturday,True
20230205,2023-02-05T00:00:00,2023,Q1,2,February,2023-02,7,Sunday,True
20230206,2023-02-06T00:00:00,2023,Q1,2,February,2023-02,1,Monday,False
20230207,2023-02-07T00:00:00,2023,Q1,2,February,2023-02,2,Tuesday,False
20230208,2023-02-08T00:00:00,2023,Q1,2,February,2023-02,3,Wednesday,False
20230209,2023-02-09T00:00:00,2023,Q1,2,February,2023-02,4,Thursday,False
20230210,2023-02-10T00:00:00,2023,Q1,2,February,2023-02,5,Friday,False
