hour_key,date_key,date,hour_start,hour_end,hour_start_ts,hour_end_ts,production_units_reported,operation_record_count,monitored_time_h,operation_time_h,downtime_h,published_efficiency,calculated_efficiency,time_reconciliation_variance_h,source_coverage
2022072211,20220722,2022-07-22T00:00:00,11,12,2022-07-22T11:00:00,2022-07-22T12:00:00,3.0,,,,,,,,Output only
2022072212,20220722,2022-07-22T00:00:00,12,13,2022-07-22T12:00:00,2022-07-22T13:00:00,425.0,1.0,0.9999999999999991,0.49576916666666326,0.5042308333333358,0.4957691666666637,0.4957691666666637,0.0,Both
2022072213,20220722,2022-07-22T00:00:00,13,14,2022-07-22T13:00:00,2022-07-22T14:00:00,6.0,1.0,0.9999999999999991,0.10411444444444648,0.8958855555555527,0.10411444444444658,0.10411444444444658,-1.1102230246251565e-16,Both
2022072214,20220722,2022-07-22T00:00:00,14,15,2022-07-22T14:00:00,2022-07-22T15:00:00,0.0,1.0,0.0,0.0,0.0,,,0.0,Both
2022072215,20220722,2022-07-22T00:00:00,15,16,2022-07-22T15:00:00,2022-07-22T16:00:00,490.0,1.0,0.9999999999999991,0.45415388888888636,0.5458461111111128,0.45415388888888675,0.45415388888888675,0.0,Both
2022072216,20220722,2022-07-22T00:00:00,16,17,2022-07-22T16:00:00,2022-07-22T17:00:00,673.0,1.0,0.9999999999999991,0.7457441666666746,0.25425583333332447,0.7457441666666753,0.7457441666666753,0.0,Both
2022072217,20220722,2022-07-22T00:00:00,17,18,2022-07-22T17:00:00,2022-07-22T18:00:00,669.0,1.0,0.9999999999999991,0.5749761111111139,0.4250238888888852,0.5749761111111145,0.5749761111111145,0.0,Both
2022072218,20220722,2022-07-22T00:00:00,18,19,2022-07-22T18:00:00,2022-07-22T19:00:00,452.0,1.0,0.9999999999999991,0.5958011111111098,0.40419888888888933,0.5958011111111103,0.5958011111111103,0.0,Both
2022072219,20220722,2022-07-22T00:00:00,19,20,2022-07-22T19:00:00,2022-07-22T20:00:00,2.0,,,,,,,,Output only
2022072220,20220722,2022-07-22T00:00:00,20,21,2022-07-22T20:00:00,2022-07-22T21:00:00,129.0,1.0,0.9999999999999991,0.7333263888888875,0.26667361111111165,0.7333263888888881,0.7333263888888881,0.0,Both
2022072609,20220726,2022-07-26T00:00:00,9,10,2022-07-26T09:00:00,2022-07-26T10:00:00,21.0,,,,,,,,Output only
2022072610,20220726,2022-07-26T00:00:00,10,11,2022-07-26T10:00:00,2022-07-26T11:00:00,8.0,,,,,,,,Output only
2022072611,20220726,2022-07-26T00:00:00,11,12,2022-07-26T11:00:00,2022-07-26T12:00:00,0.0,,,,,,,,Output only
2022072612,20220726,2022-07-26T00:00:00,12,13,2022-07-26T12:00:00,2022-07-26T13:00:00,1.0,,,,,,,,Output only
2022072613,20220726,2022-07-26T00:00:00,13,14,2022-07-26T13:00:00,2022-07-26T14:00:00,263.0,1.0,0.9999999999999991,0.37916666666666626,0.6208333333333329,0.3791666666666666,0.3791666666666666,0.0,Both
2022072614,20220726,2022-07-26T00:00:00,14,15,2022-07-26T14:00:00,2022-07-26T15:00:00,160.0,1.0,0.9999999999999991,0.19583333333333316,0.804166666666666,0.19583333333333333,0.19583333333333333,-1.1102230246251565e-16,Both
2022072615,20220726,2022-07-26T00:00:00,15,16,2022-07-26T15:00:00,2022-07-26T16:00:00,568.0,1.0,0.9999999999999991,0.5124999999999995,0.48749999999999966,0.5125,0.5125,-5.551115123125783e-17,Both
2022072616,20220726,2022-07-26T00:00:00,16,17,2022-07-26T16:00:00,2022-07-26T17:00:00,670.0,1.0,0.9999999999999991,0.6333688888888845,0.3666311111111146,0.6333688888888851,0.6333688888888851,-5.551115123125783e-17,Both
2022072617,20220726,2022-07-26T00:00:00,17,18,2022-07-26T17:00:00,2022-07-26T18:00:00,540.0,1.0,0.9999999999999991,0.44995694444444606,0.5500430555555531,0.44995694444444645,0.44995694444444645,0.0,Both
2022072618,20220726,2022-07-26T00:00:00,18,19,2022-07-26T18:00:00,2022-07-26T19:00:00,12.0,1.0,0.9999999999999991,0.0999999999999999,0.8999999999999992,0.09999999999999998,0.09999999999999998,0.0,Both
2022080114,20220801,2022-08-01T00:00:00,14,15,2022-08-01T14:00:00,2022-08-01T15:00:00,168.0,1.0,0.49999999999999956,0.260001111111112,0.23999888888888757,0.5200022222222245,0.5200022222222245,-2.7755575615628914e-17,Both
2022080115,20220801,2022-08-01T00:00:00,15,16,2022-08-01T15:00:00,2022-08-01T16:00:00,40.0,1.0,0.9999999999999991,0.0,0.9999999999999991,0.0,0.0,0.0,Both
2022080116,20220801,2022-08-01T00:00:00,16,17,2022-08-01T16:00:00,2022-08-01T17:00:00,243.0,1.0,0.9999999999999991,0.26586555555555397,0.7341344444444452,0.2658655555555542,0.2658655555555542,-1.1102230246251565e-16,Both
2022080117,20220801,2022-08-01T00:00:00,17,18,2022-08-01T17:00:00,2022-08-01T18:00:00,303.0,1.0,0.49999999999999956,0.2876033333333338,0.21239666666666573,0.5752066666666682,0.5752066666666682,0.0,Both
2022080410,20220804,2022-08-04T00:00:00,10,11,2022-08-04T10:00:00,2022-08-04T11:00:00,221.0,1.0,0.49999999999999956,0.4333288888888887,0.06667111111111085,0.8666577777777782,0.8666577777777782,0.0,Both
2022080411,20220804,2022-08-04T00:00:00,11,12,2022-08-04T11:00:00,2022-08-04T12:00:00,445.0,1.0,0.9999999999999991,0.8291472222222194,0.17085277777777982,0.8291472222222201,0.8291472222222201,-8.326672684688674e-17,Both
2022080412,20220804,2022-08-04T00:00:00,12,13,2022-08-04T12:00:00,2022-08-04T13:00:00,108.0,1.0,0.49999999999999956,0.2124802777777768,0.2875197222222228,0.424960555555554,0.424960555555554,0.0,Both
2022080415,20220804,2022-08-04T00:00:00,15,16,2022-08-04T15:00:00,2022-08-04T16:00:00,170.0,1.0,0.49999999999999956,0.44987222222222517,0.0501277777777744,0.8997444444444511,0.8997444444444511,-1.3877787807814457e-17,Both
2022080416,20220804,2022-08-04T00:00:00,16,17,2022-08-04T16:00:00,2022-08-04T17:00:00,146.0,1.0,0.7499999999999994,0.37081749999999997,0.3791824999999995,0.49442333333333366,0.49442333333333366,0.0,Both
2022090211,20220902,2022-09-02T00:00:00,11,12,2022-09-02T11:00:00,2022-09-02T12:00:00,84.0,1.0,0.24999999999999978,0.13333277777777608,0.11666722222222371,0.5333311111111048,0.5333311111111048,-1.3877787807814457e-17,Both
2022090212,20220902,2022-09-02T00:00:00,12,13,2022-09-02T12:00:00,2022-09-02T13:00:00,96.0,1.0,0.9999999999999991,0.1518727777777789,0.8481272222222203,0.15187277777777905,0.15187277777777905,0.0,Both
2022090213,20220902,2022-09-02T00:00:00,13,14,2022-09-02T13:00:00,2022-09-02T14:00:00,1.0,1.0,0.9999999999999991,0.256418888888892,0.7435811111111071,0.25641888888889225,0.25641888888889225,-1.1102230246251565e-16,Both
2022090214,20220902,2022-09-02T00:00:00,14,15,2022-09-02T14:00:00,2022-09-02T15:00:00,193.0,1.0,0.9999999999999991,0.483137222222227,0.5168627777777721,0.48313722222222744,0.48313722222222744,0.0,Both
2022090215,20220902,2022-09-02T00:00:00,15,16,2022-09-02T15:00:00,2022-09-02T16:00:00,294.0,1.0,0.6999999999999994,0.32080805555554676,0.37919194444445264,0.45829722222221003,0.45829722222221003,0.0,Both
2022090216,20220902,2022-09-02T00:00:00,16,17,2022-09-02T16:00:00,2022-09-02T17:00:00,239.0,,,,,,,,Output only
2022090614,20220906,2022-09-06T00:00:00,14,15,2022-09-06T14:00:00,2022-09-06T15:00:00,120.0,1.0,0.9999999999999991,0.7999891666666656,0.20001083333333353,0.7999891666666663,0.7999891666666663,-5.551115123125783e-17,Both
2022090615,20220906,2022-09-06T00:00:00,15,16,2022-09-06T15:00:00,2022-09-06T16:00:00,383.0,1.0,0.9999999999999991,0.6916083333333368,0.3083916666666624,0.6916083333333375,0.6916083333333375,-1.1102230246251565e-16,Both
2022090616,20220906,2022-09-06T00:00:00,16,17,2022-09-06T16:00:00,2022-09-06T17:00:00,447.0,1.0,0.9999999999999991,0.7666741666666665,0.2333258333333326,0.7666741666666672,0.7666741666666672,-2.7755575615628914e-17,Both
2022090617,20220906,2022-09-06T00:00:00,17,18,2022-09-06T17:00:00,2022-09-06T18:00:00,312.0,1.0,0.49999999999999956,0.34548222222222486,0.15451777777777476,0.6909644444444504,0.6909644444444504,-5.551115123125783e-17,Both
2022090814,20220908,2022-09-08T00:00:00,14,15,2022-09-08T14:00:00,2022-09-08T15:00:00,455.0,1.0,0.9999999999999991,0.6456133333333319,0.35438666666666724,0.6456133333333325,0.6456133333333325,-5.551115123125783e-17,Both
2022090815,20220908,2022-09-08T00:00:00,15,16,2022-09-08T15:00:00,2022-09-08T16:00:00,452.0,1.0,0.9999999999999991,0.6757027777777797,0.3242972222222195,0.6757027777777802,0.6757027777777802,-5.551115123125783e-17,Both
2022091213,20220912,2022-09-12T00:00:00,13,14,2022-09-12T13:00:00,2022-09-12T14:00:00,120.0,1.0,0.49999999999999956,0.35005888888888553,0.14994111111111408,0.7001177777777717,0.7001177777777717,-5.551115123125783e-17,Both
2022091214,20220912,2022-09-12T00:00:00,14,15,2022-09-12T14:00:00,2022-09-12T15:00:00,284.0,1.0,0.9999999999999991,0.5012125000000043,0.4987874999999949,0.5012125000000047,0.5012125000000047,-5.551115123125783e-17,Both
2022091215,20220912,2022-09-12T00:00:00,15,16,2022-09-12T15:00:00,2022-09-12T16:00:00,222.0,1.0,0.9999999999999991,0.25881722222222575,0.7411827777777734,0.258817222222226,0.258817222222226,-1.1102230246251565e-16,Both
2022091216,20220912,2022-09-12T00:00:00,16,17,2022-09-12T16:00:00,2022-09-12T17:00:00,266.0,1.0,0.9999999999999991,0.24588722222221968,0.7541127777777795,0.2458872222222199,0.2458872222222199,-1.1102230246251565e-16,Both
2022091510,20220915,2022-09-15T00:00:00,10,11,2022-09-15T10:00:00,2022-09-15T11:00:00,341.0,1.0,0.7499999999999994,0.6124952777777781,0.13750472222222132,0.8166603703703714,0.8166603703703714,0.0,Both
2022091511,20220915,2022-09-15T00:00:00,11,12,2022-09-15T11:00:00,2022-09-15T12:00:00,453.0,1.0,0.9999999999999991,0.7079172222222206,0.2920827777777786,0.7079172222222213,0.7079172222222213,-1.1102230246251565e-16,Both
2022091513,20220915,2022-09-15T00:00:00,13,14,2022-09-15T13:00:00,2022-09-15T14:00:00,197.0,1.0,0.49999999999999956,0.29209138888888714,0.20790861111111242,0.5841827777777748,0.5841827777777748,0.0,Both
2022091514,20220915,2022-09-15T00:00:00,14,15,2022-09-15T14:00:00,2022-09-15T15:00:00,450.0,1.0,0.9999999999999991,0.6791961111111119,0.32080388888888733,0.6791961111111124,0.6791961111111124,-1.1102230246251565e-16,Both
2022091515,20220915,2022-09-15T00:00:00,15,16,2022-09-15T15:00:00,2022-09-15T16:00:00,352.0,1.0,0.9999999999999991,0.4589752777777805,0.5410247222222186,0.4589752777777809,0.4589752777777809,0.0,Both
2022091516,20220915,2022-09-15T00:00:00,16,17,2022-09-15T16:00:00,2022-09-15T17:00:00,149.0,1.0,0.49999999999999956,0.2784919444444449,0.2215080555555547,0.5569838888888903,0.5569838888888903,-5.551115123125783e-17,Both
2022092010,20220920,2022-09-20T00:00:00,10,11,2022-09-20T10:00:00,2022-09-20T11:00:00,191.0,1.0,0.7499999999999994,0.2624627777777777,0.4875372222222217,0.3499503703703705,0.3499503703703705,5.551115123125783e-17,Both
2022092011,20220920,2022-09-20T00:00:00,11,12,2022-09-20T11:00:00,2022-09-20T12:00:00,291.0,2.0,1.9999999999999982,1.15455638888889,0.8454436111111086,0.5772781944444455,0.5772781944444455,-2.220446049250313e-16,Both
2022092013,20220920,2022-09-20T00:00:00,13,14,2022-09-20T13:00:00,2022-09-20T14:00:00,79.0,2.0,0.8333333333333326,0.5374711111111068,0.2958622222222258,0.6449653333333287,0.6449653333333287,0.0,Both
2022092014,20220920,2022-09-20T00:00:00,14,15,2022-09-20T14:00:00,2022-09-20T15:00:00,219.0,2.0,1.6666666666666652,0.8412355555555535,0.8254311111111117,0.5047413333333326,0.5047413333333326,0.0,Both
2022092015,20220920,2022-09-20T00:00:00,15,16,2022-09-20T15:00:00,2022-09-20T16:00:00,,1.0,0.9999999999999991,0.44429388888889104,0.5557061111111081,0.44429388888889143,0.44429388888889143,0.0,Operations only
2022092016,20220920,2022-09-20T00:00:00,16,17,2022-09-20T16:00:00,2022-09-20T17:00:00,,1.0,0.49999999999999956,0.42083666666666864,0.07916333333333098,0.841673333333338,0.841673333333338,-5.551115123125783e-17,Operations only
2022092211,20220922,2022-09-22T00:00:00,11,12,2022-09-22T11:00:00,2022-09-22T12:00:00,428.0,,,,,,,,Output only
2022092213,20220922,2022-09-22T00:00:00,13,14,2022-09-22T13:00:00,2022-09-22T14:00:00,214.0,,,,,,,,Output only
2022092214,20220922,2022-09-22T00:00:00,14,15,2022-09-22T14:00:00,2022-09-22T15:00:00,330.0,,,,,,,,Output only
2022092215,20220922,2022-09-22T00:00:00,15,16,2022-09-22T15:00:00,2022-09-22T16:00:00,243.0,,,,,,,,Output only
2022092216,20220922,2022-09-22T00:00:00,16,17,2022-09-22T16:00:00,2022-09-22T17:00:00,191.0,,,,,,,,Output only
2022092814,20220928,2022-09-28T00:00:00,14,15,2022-09-28T14:00:00,2022-09-28T15:00:00,116.0,1.0,0.33333333333333304,0.2374466666666671,0.09588666666666594,0.712340000000002,0.712340000000002,-1.3877787807814457e-17,Both
2022092815,20220928,2022-09-28T00:00:00,15,16,2022-09-28T15:00:00,2022-09-28T16:00:00,290.0,1.0,0.7499999999999994,0.5291597222222202,0.2208402777777792,0.7055462962962941,0.7055462962962941,5.551115123125783e-17,Both
2022092817,20220928,2022-09-28T00:00:00,17,18,2022-09-28T17:00:00,2022-09-28T18:00:00,146.0,,,,,,,,Output only
2022092818,20220928,2022-09-28T00:00:00,18,19,2022-09-28T18:00:00,2022-09-28T19:00:00,,1.0,0.9999999999999991,0.608311666666664,0.39168833333333514,0.6083116666666646,0.6083116666666646,-5.551115123125783e-17,Operations only
2022100713,20221007,2022-10-07T00:00:00,13,14,2022-10-07T13:00:00,2022-10-07T14:00:00,55.0,1.0,0.16666666666666652,0.11248222222222154,0.05418444444444499,0.6748933333333298,0.6748933333333298,-1.3877787807814457e-17,Both
2022100714,20221007,2022-10-07T00:00:00,14,15,2022-10-07T14:00:00,2022-10-07T15:00:00,347.0,1.0,0.9999999999999991,0.45431833333332655,0.5456816666666726,0.45431833333332694,0.45431833333332694,0.0,Both
2022100715,20221007,2022-10-07T00:00:00,15,16,2022-10-07T15:00:00,2022-10-07T16:00:00,327.0,1.0,0.9999999999999991,0.5248824999999981,0.475117500000001,0.5248824999999986,0.5248824999999986,-5.551115123125783e-17,Both
2022100716,20221007,2022-10-07T00:00:00,16,17,2022-10-07T16:00:00,2022-10-07T17:00:00,375.0,1.0,0.9999999999999991,0.39167222222221343,0.6083277777777858,0.39167222222221376,0.39167222222221376,-1.1102230246251565e-16,Both
2022100717,20221007,2022-10-07T00:00:00,17,18,2022-10-07T17:00:00,2022-10-07T18:00:00,178.0,1.0,0.49999999999999956,0.14585249999999825,0.35414750000000134,0.2917049999999968,0.2917049999999968,-5.551115123125783e-17,Both
2022101013,20221010,2022-10-10T00:00:00,13,14,2022-10-10T13:00:00,2022-10-10T14:00:00,86.0,1.0,0.24999999999999978,0.12924833333333285,0.12075166666666694,0.5169933333333319,0.5169933333333319,-1.3877787807814457e-17,Both
2022101014,20221010,2022-10-10T00:00:00,14,15,2022-10-10T14:00:00,2022-10-10T15:00:00,297.0,1.0,0.9999999999999991,0.49214083333332814,0.507859166666671,0.4921408333333286,0.4921408333333286,0.0,Both
2022101016,20221010,2022-10-10T00:00:00,16,17,2022-10-10T16:00:00,2022-10-10T17:00:00,188.0,1.0,0.6666666666666661,0.20831222222221552,0.4583544444444506,0.3124683333333235,0.3124683333333235,-5.551115123125783e-17,Both
2022101111,20221011,2022-10-11T00:00:00,11,12,2022-10-11T11:00:00,2022-10-11T12:00:00,223.0,1.0,0.9999999999999991,0.4463727777777802,0.5536272222222189,0.4463727777777806,0.4463727777777806,0.0,Both
2022101112,20221011,2022-10-11T00:00:00,12,13,2022-10-11T12:00:00,2022-10-11T13:00:00,125.0,1.0,0.49999999999999956,0.204223611111116,0.2957763888888836,0.4084472222222324,0.4084472222222324,0.0,Both
2022101310,20221013,2022-10-13T00:00:00,10,11,2022-10-13T10:00:00,2022-10-13T11:00:00,151.0,1.0,0.33333333333333304,0.2666341666666661,0.06669916666666692,0.7999024999999991,0.7999024999999991,0.0,Both
2022101311,20221013,2022-10-13T00:00:00,11,12,2022-10-13T11:00:00,2022-10-13T12:00:00,398.0,1.0,0.9999999999999991,0.6956322222222208,0.30436777777777846,0.6956322222222214,0.6956322222222214,-1.1102230246251565e-16,Both
2022101313,20221013,2022-10-13T00:00:00,13,14,2022-10-13T13:00:00,2022-10-13T14:00:00,91.0,1.0,0.33333333333333304,0.1959352777777791,0.13739805555555396,0.5878058333333378,0.5878058333333378,-2.7755575615628914e-17,Both
2022101315,20221013,2022-10-13T00:00:00,15,16,2022-10-13T15:00:00,2022-10-13T16:00:00,226.0,1.0,0.9999999999999991,0.5001788888888901,0.4998211111111091,0.5001788888888905,0.5001788888888905,-5.551115123125783e-17,Both
2022101316,20221013,2022-10-13T00:00:00,16,17,2022-10-13T16:00:00,2022-10-13T17:00:00,141.0,1.0,0.49999999999999956,0.2207536111111084,0.2792463888888912,0.44150722222221717,0.44150722222221717,0.0,Both
2022102015,20221020,2022-10-20T00:00:00,15,16,2022-10-20T15:00:00,2022-10-20T16:00:00,301.0,1.0,0.9999999999999991,0.7666569444444449,0.23334305555555426,0.7666569444444455,0.7666569444444455,-2.7755575615628914e-17,Both
2022102414,20221024,2022-10-24T00:00:00,14,15,2022-10-24T14:00:00,2022-10-24T15:00:00,389.0,1.0,0.9999999999999991,0.4874847222222125,0.5125152777777866,0.48748472222221295,0.48748472222221295,0.0,Both
2022102415,20221024,2022-10-24T00:00:00,15,16,2022-10-24T15:00:00,2022-10-24T16:00:00,138.0,1.0,0.9999999999999991,0.22494111111111326,0.775058888888886,0.22494111111111345,0.22494111111111345,-1.1102230246251565e-16,Both
2022102416,20221024,2022-10-24T00:00:00,16,17,2022-10-24T16:00:00,2022-10-24T17:00:00,131.0,1.0,0.9999999999999991,0.21242027777777817,0.787579722222221,0.21242027777777836,0.21242027777777836,0.0,Both
2022102417,20221024,2022-10-24T00:00:00,17,18,2022-10-24T17:00:00,2022-10-24T18:00:00,336.0,1.0,0.9999999999999991,0.62084277777778,0.3791572222222192,0.6208427777777805,0.6208427777777805,-5.551115123125783e-17,Both
2022102418,20221024,2022-10-24T00:00:00,18,19,2022-10-24T18:00:00,2022-10-24T19:00:00,180.0,1.0,0.5166666666666664,0.3917222222222188,0.12494444444444754,0.7581720430107465,0.7581720430107465,4.163336342344337e-17,Both
2022102511,20221025,2022-10-25T00:00:00,11,12,2022-10-25T11:00:00,2022-10-25T12:00:00,294.0,1.0,0.38377888888888884,0.38377888888888884,0.0,1.0,1.0,0.0,Both
2022102512,20221025,2022-10-25T00:00:00,12,13,2022-10-25T12:00:00,2022-10-25T13:00:00,244.0,1.0,0.9999999999999991,0.4870783333333333,0.5129216666666658,0.4870783333333337,0.4870783333333337,0.0,Both
2022102513,20221025,2022-10-25T00:00:00,13,14,2022-10-25T13:00:00,2022-10-25T14:00:00,0.0,1.0,0.9999999999999991,0.0,0.9999999999999991,0.0,0.0,0.0,Both
2022102514,20221025,2022-10-25T00:00:00,14,15,2022-10-25T14:00:00,2022-10-25T15:00:00,366.0,1.0,0.9999999999999991,0.2771566666666671,0.7228433333333321,0.27715666666666733,0.27715666666666733,-1.1102230246251565e-16,Both
2022102515,20221025,2022-10-25T00:00:00,15,16,2022-10-25T15:00:00,2022-10-25T16:00:00,533.0,1.0,0.9999999999999991,0.9999999999999991,0.0,1.0,1.0,0.0,Both
2022102516,20221025,2022-10-25T00:00:00,16,17,2022-10-25T16:00:00,2022-10-25T17:00:00,452.0,1.0,0.9999999999999991,0.7999613888888917,0.2000386111111075,0.7999613888888923,0.7999613888888923,-5.551115123125783e-17,Both
2022102517,20221025,2022-10-25T00:00:00,17,18,2022-10-25T17:00:00,2022-10-25T18:00:00,160.0,1.0,0.32305555555555526,0.2980577777777763,0.024997777777778986,0.9226208082545105,0.9226208082545105,-3.469446951953614e-17,Both
2022102616,20221026,2022-10-26T00:00:00,16,17,2022-10-26T16:00:00,2022-10-26T17:00:00,95.0,1.0,0.299722222222222,0.14978388888888902,0.14993833333333295,0.49974235403151146,0.49974235403151146,2.7755575615628914e-17,Both
2022102617,20221026,2022-10-26T00:00:00,17,18,2022-10-26T17:00:00,2022-10-26T18:00:00,333.0,1.0,0.9669444444444436,0.5545463888888895,0.4123980555555541,0.5735038781959219,0.5735038781959219,0.0,Both
2022102816,20221028,2022-10-28T00:00:00,16,17,2022-10-28T16:00:00,2022-10-28T17:00:00,226.0,1.0,0.9999999999999991,0.3833997222222202,0.616600277777779,0.3833997222222205,0.3833997222222205,-1.1102230246251565e-16,Both
2022102817,20221028,2022-10-28T00:00:00,17,18,2022-10-28T17:00:00,2022-10-28T18:00:00,232.0,1.0,0.846666666666666,0.33845055555555315,0.5082161111111128,0.39974475065616544,0.39974475065616544,1.1102230246251565e-16,Both
2022103111,20221031,2022-10-31T00:00:00,11,12,2022-10-31T11:00:00,2022-10-31T12:00:00,431.0,1.0,0.9999999999999991,0.9794361111111095,0.020563888888889697,0.9794361111111104,0.9794361111111104,-9.367506770274758e-17,Both
2022103112,20221031,2022-10-31T00:00:00,12,13,2022-10-31T12:00:00,2022-10-31T13:00:00,0.0,1.0,0.9999999999999991,0.010573888888890373,0.9894261111111088,0.010573888888890381,0.010573888888890381,0.0,Both
2022103113,20221031,2022-10-31T00:00:00,13,14,2022-10-31T13:00:00,2022-10-31T14:00:00,194.0,1.0,0.9999999999999991,0.4060027777777769,0.5939972222222223,0.4060027777777772,0.4060027777777772,0.0,Both
2022103114,20221031,2022-10-31T00:00:00,14,15,2022-10-31T14:00:00,2022-10-31T15:00:00,74.0,1.0,0.9999999999999991,0.14815361111111153,0.8518463888888876,0.14815361111111167,0.14815361111111167,0.0,Both
2022103115,20221031,2022-10-31T00:00:00,15,16,2022-10-31T15:00:00,2022-10-31T16:00:00,238.0,1.0,0.9999999999999991,0.4709416666666688,0.5290583333333303,0.47094166666666926,0.47094166666666926,0.0,Both
2022103116,20221031,2022-10-31T00:00:00,16,17,2022-10-31T16:00:00,2022-10-31T17:00:00,236.0,1.0,0.9999999999999991,0.47671361111111077,0.5232863888888883,0.4767136111111112,0.4767136111111112,0.0,Both
2022103117,20221031,2022-10-31T00:00:00,17,18,2022-10-31T17:00:00,2022-10-31T18:00:00,404.0,1.0,0.9999999999999991,0.7958199999999966,0.20418000000000253,0.7958199999999973,0.7958199999999973,-5.551115123125783e-17,Both
2022103118,20221031,2022-10-31T00:00:00,18,19,2022-10-31T18:00:00,2022-10-31T19:00:00,162.0,1.0,0.34416666666666634,0.2650022222222203,0.07916444444444609,0.7699822437449507,0.7699822437449507,-5.551115123125783e-17,Both
2022110311,20221103,2022-11-03T00:00:00,11,12,2022-11-03T11:00:00,2022-11-03T12:00:00,227.0,1.0,0.709444444444444,0.41627111111111137,0.2931733333333326,0.5867564604541903,0.5867564604541903,0.0,Both
2022110312,20221103,2022-11-03T00:00:00,12,13,2022-11-03T12:00:00,2022-11-03T13:00:00,44.0,1.0,0.9999999999999991,0.05291916666666542,0.9470808333333337,0.05291916666666547,0.05291916666666547,0.0,Both
2022110313,20221103,2022-11-03T00:00:00,13,14,2022-11-03T13:00:00,2022-11-03T14:00:00,40.0,1.0,0.9999999999999991,0.04510555555555742,0.9548944444444417,0.04510555555555746,0.04510555555555746,0.0,Both
2022110314,20221103,2022-11-03T00:00:00,14,15,2022-11-03T14:00:00,2022-11-03T15:00:00,147.0,1.0,0.9999999999999991,0.23828500000000094,0.7617149999999983,0.23828500000000116,0.23828500000000116,-1.1102230246251565e-16,Both
2022110315,20221103,2022-11-03T00:00:00,15,16,2022-11-03T15:00:00,2022-11-03T16:00:00,246.0,1.0,0.9999999999999991,0.38244638888888327,0.617553611111116,0.3824463888888836,0.3824463888888836,-1.1102230246251565e-16,Both
2022110316,20221103,2022-11-03T00:00:00,16,17,2022-11-03T16:00:00,2022-11-03T17:00:00,294.0,1.0,0.9174999999999993,0.5009100000000056,0.4165899999999937,0.5459509536784807,0.5459509536784807,0.0,Both
2022110812,20221108,2022-11-08T00:00:00,12,13,2022-11-08T12:00:00,2022-11-08T13:00:00,203.0,1.0,0.4141666666666664,0.4141666666666664,0.0,1.0,1.0,0.0,Both
2022110813,20221108,2022-11-08T00:00:00,13,14,2022-11-08T13:00:00,2022-11-08T14:00:00,31.0,1.0,0.9999999999999991,0.04822833333333234,0.9517716666666668,0.04822833333333238,0.04822833333333238,0.0,Both
2022110814,20221108,2022-11-08T00:00:00,14,15,2022-11-08T14:00:00,2022-11-08T15:00:00,120.0,1.0,0.9999999999999991,0.689954166666665,0.31004583333333424,0.6899541666666656,0.6899541666666656,-1.1102230246251565e-16,Both
2022110815,20221108,2022-11-08T00:00:00,15,16,2022-11-08T15:00:00,2022-11-08T16:00:00,466.0,1.0,0.9999999999999991,0.9624999999999991,0.03749999999999997,0.9625,0.9625,6.938893903907228e-18,Both
2022110816,20221108,2022-11-08T00:00:00,16,17,2022-11-08T16:00:00,2022-11-08T17:00:00,49.0,1.0,0.9999999999999991,0.10252166666666693,0.8974783333333323,0.10252166666666702,0.10252166666666702,-1.1102230246251565e-16,Both
2022110817,20221108,2022-11-08T00:00:00,17,18,2022-11-08T17:00:00,2022-11-08T18:00:00,362.0,1.0,0.9999999999999991,0.7557113888888909,0.24428861111110825,0.7557113888888916,0.7557113888888916,-2.7755575615628914e-17,Both
2022110818,20221108,2022-11-08T00:00:00,18,19,2022-11-08T18:00:00,2022-11-08T19:00:00,157.0,1.0,0.7444444444444438,0.28187944444444535,0.46256499999999845,0.3786440298507478,0.3786440298507478,0.0,Both
2022111114,20221111,2022-11-11T00:00:00,14,15,2022-11-11T14:00:00,2022-11-11T15:00:00,46.0,1.0,0.4122222222222219,0.24166249999999784,0.17055972222222401,0.5862432614555209,0.5862432614555209,2.7755575615628914e-17,Both
2022111115,20221111,2022-11-11T00:00:00,15,16,2022-11-11T15:00:00,2022-11-11T16:00:00,247.0,1.0,0.9999999999999991,0.49498222222222266,0.5050177777777765,0.4949822222222231,0.4949822222222231,0.0,Both
2022111116,20221111,2022-11-11T00:00:00,16,17,2022-11-11T16:00:00,2022-11-11T17:00:00,51.0,1.0,0.9999999999999991,0.08199277777777679,0.9180072222222224,0.08199277777777686,0.08199277777777686,-1.1102230246251565e-16,Both
2022111117,20221111,2022-11-11T00:00:00,17,18,2022-11-11T17:00:00,2022-11-11T18:00:00,230.0,1.0,0.6683333333333328,0.593473055555556,0.07486027777777687,0.8879896093100595,0.8879896093100595,-5.551115123125783e-17,Both
2022111415,20221114,2022-11-14T00:00:00,15,16,2022-11-14T15:00:00,2022-11-14T16:00:00,145.0,1.0,0.47249999999999964,0.23081055555555677,0.24168944444444287,0.488487948265729,0.488487948265729,0.0,Both
2022111416,20221114,2022-11-14T00:00:00,16,17,2022-11-14T16:00:00,2022-11-14T17:00:00,185.0,1.0,0.49416666666666625,0.3233308333333313,0.17083583333333494,0.6542951096121381,0.6542951096121381,2.7755575615628914e-17,Both
2022111511,20221115,2022-11-15T00:00:00,11,12,2022-11-15T11:00:00,2022-11-15T12:00:00,535.0,1.0,0.9999999999999991,0.8933266666666665,0.10667333333333265,0.8933266666666673,0.8933266666666673,-2.7755575615628914e-17,Both
2022111512,20221115,2022-11-15T00:00:00,12,13,2022-11-15T12:00:00,2022-11-15T13:00:00,0.0,1.0,0.9999999999999991,0.0,0.9999999999999991,0.0,0.0,0.0,Both
2022111513,20221115,2022-11-15T00:00:00,13,14,2022-11-15T13:00:00,2022-11-15T14:00:00,0.0,1.0,0.9999999999999991,0.0,0.9999999999999991,0.0,0.0,0.0,Both
2022111514,20221115,2022-11-15T00:00:00,14,15,2022-11-15T14:00:00,2022-11-15T15:00:00,520.0,1.0,0.9999999999999991,0.6816063888888871,0.3183936111111121,0.6816063888888877,0.6816063888888877,-1.1102230246251565e-16,Both
2022111515,20221115,2022-11-15T00:00:00,15,16,2022-11-15T15:00:00,2022-11-15T16:00:00,267.0,1.0,0.9999999999999991,0.9249991666666678,0.07500083333333135,0.9249991666666686,0.9249991666666686,-5.551115123125783e-17,Both
2022112113,20221121,2022-11-21T00:00:00,13,14,2022-11-21T13:00:00,2022-11-21T14:00:00,178.0,1.0,0.5608333333333329,0.32090055555555086,0.23993277777778202,0.5721852402179218,0.5721852402179218,-2.7755575615628914e-17,Both
2022112114,20221121,2022-11-21T00:00:00,14,15,2022-11-21T14:00:00,2022-11-21T15:00:00,0.0,1.0,0.9999999999999991,0.0,0.9999999999999991,0.0,0.0,0.0,Both
2022112115,20221121,2022-11-21T00:00:00,15,16,2022-11-21T15:00:00,2022-11-21T16:00:00,0.0,1.0,0.9999999999999991,0.0,0.9999999999999991,0.0,0.0,0.0,Both
2022112116,20221121,2022-11-21T00:00:00,16,17,2022-11-21T16:00:00,2022-11-21T17:00:00,188.0,1.0,0.9999999999999991,0.40231694444444305,0.5976830555555561,0.4023169444444434,0.4023169444444434,0.0,Both
2022112117,20221121,2022-11-21T00:00:00,17,18,2022-11-21T17:00:00,2022-11-21T18:00:00,240.0,1.0,0.8561111111111105,0.5561063888888879,0.30000472222222263,0.6495726800778708,0.6495726800778708,0.0,Both
2022112315,20221123,2022-11-23T00:00:00,15,16,2022-11-23T15:00:00,2022-11-23T16:00:00,312.0,1.0,0.8544444444444438,0.5919341666666726,0.26251027777777103,0.6927708062418801,0.6927708062418801,1.1102230246251565e-16,Both
2022112316,20221123,2022-11-23T00:00:00,16,17,2022-11-23T16:00:00,2022-11-23T17:00:00,466.0,1.0,0.9999999999999991,0.7749144444444414,0.22508555555555781,0.774914444444442,0.774914444444442,-5.551115123125783e-17,Both
2022112317,20221123,2022-11-23T00:00:00,17,18,2022-11-23T17:00:00,2022-11-23T18:00:00,166.0,1.0,0.4455555555555552,0.37055500000000063,0.07500055555555457,0.8316695760598525,0.8316695760598525,0.0,Both
2022112812,20221128,2022-11-28T00:00:00,12,13,2022-11-28T12:00:00,2022-11-28T13:00:00,407.0,1.0,0.9427933333333326,0.0,0.9427933333333326,0.0,0.0,0.0,Both
2022112813,20221128,2022-11-28T00:00:00,13,14,2022-11-28T13:00:00,2022-11-28T14:00:00,0.0,1.0,0.9999999999999991,0.0,0.9999999999999991,0.0,0.0,0.0,Both
2022112814,20221128,2022-11-28T00:00:00,14,15,2022-11-28T14:00:00,2022-11-28T15:00:00,0.0,1.0,0.9999999999999991,0.0,0.9999999999999991,0.0,0.0,0.0,Both
2022112815,20221128,2022-11-28T00:00:00,15,16,2022-11-28T15:00:00,2022-11-28T16:00:00,42.0,1.0,0.9999999999999991,0.0,0.9999999999999991,0.0,0.0,0.0,Both
2022112816,20221128,2022-11-28T00:00:00,16,17,2022-11-28T16:00:00,2022-11-28T17:00:00,312.0,1.0,0.9999999999999991,0.6467547222222206,0.35324527777777853,0.6467547222222212,0.6467547222222212,-5.551115123125783e-17,Both
2022112817,20221128,2022-11-28T00:00:00,17,18,2022-11-28T17:00:00,2022-11-28T18:00:00,470.0,1.0,0.9999999999999991,0.905648333333332,0.09435166666666721,0.9056483333333327,0.9056483333333327,-4.163336342344337e-17,Both
2022112818,20221128,2022-11-28T00:00:00,18,19,2022-11-28T18:00:00,2022-11-28T19:00:00,365.0,1.0,0.7558333333333328,0.6043377777777761,0.15149555555555672,0.7995648658581387,0.7995648658581387,0.0,Both
2022120212,20221202,2022-12-02T00:00:00,12,13,2022-12-02T12:00:00,2022-12-02T13:00:00,0.0,1.0,0.8483333333333326,0.02925611111111207,0.8190772222222205,0.034486574983629184,0.034486574983629184,1.1102230246251565e-16,Both
2022120213,20221202,2022-12-02T00:00:00,13,14,2022-12-02T13:00:00,2022-12-02T14:00:00,196.0,1.0,0.9999999999999991,0.38990694444443774,0.6100930555555615,0.3899069444444381,0.3899069444444381,-1.1102230246251565e-16,Both
2022120214,20221202,2022-12-02T00:00:00,14,15,2022-12-02T14:00:00,2022-12-02T15:00:00,212.0,1.0,0.9999999999999991,0.5499247222222139,0.45007527777778533,0.5499247222222143,0.5499247222222143,-1.1102230246251565e-16,Both
2022120215,20221202,2022-12-02T00:00:00,15,16,2022-12-02T15:00:00,2022-12-02T16:00:00,101.0,1.0,0.2144444444444443,0.2144444444444443,0.0,1.0,1.0,0.0,Both
2022120512,20221205,2022-12-05T00:00:00,12,13,2022-12-05T12:00:00,2022-12-05T13:00:00,11.0,1.0,0.9999999999999991,0.17638222222221936,0.8236177777777798,0.17638222222221953,0.17638222222221953,0.0,Both
2022120513,20221205,2022-12-05T00:00:00,13,14,2022-12-05T13:00:00,2022-12-05T14:00:00,103.0,1.0,0.9999999999999991,0.0069444444444443035,0.9930555555555549,0.00694444444444431,0.00694444444444431,-1.1102230246251565e-16,Both
2022120514,20221205,2022-12-05T00:00:00,14,15,2022-12-05T14:00:00,2022-12-05T15:00:00,6.0,1.0,0.9999999999999991,0.73330638888889,0.2666936111111091,0.7333063888888907,0.7333063888888907,0.0,Both
2022120515,20221205,2022-12-05T00:00:00,15,16,2022-12-05T15:00:00,2022-12-05T16:00:00,438.0,1.0,0.9999999999999991,0.8791583333333303,0.12084166666666886,0.879158333333331,0.879158333333331,-1.3877787807814457e-17,Both
2022120607,20221206,2022-12-06T00:00:00,7,8,2022-12-06T07:00:00,2022-12-06T08:00:00,173.0,1.0,0.16383083333333368,0.0,0.16383083333333368,0.0,0.0,0.0,Both
2022120608,20221206,2022-12-06T00:00:00,8,9,2022-12-06T08:00:00,2022-12-06T09:00:00,0.0,1.0,0.9999999999999991,0.0,0.9999999999999991,0.0,0.0,0.0,Both
2022120609,20221206,2022-12-06T00:00:00,9,10,2022-12-06T09:00:00,2022-12-06T10:00:00,5.0,1.0,0.9999999999999991,0.0,0.9999999999999991,0.0,0.0,0.0,Both
2022120610,20221206,2022-12-06T00:00:00,10,11,2022-12-06T10:00:00,2022-12-06T11:00:00,0.0,1.0,0.9999999999999991,0.0,0.9999999999999991,0.0,0.0,0.0,Both
2022120611,20221206,2022-12-06T00:00:00,11,12,2022-12-06T11:00:00,2022-12-06T12:00:00,0.0,1.0,0.9999999999999991,0.0,0.9999999999999991,0.0,0.0,0.0,Both
2022120612,20221206,2022-12-06T00:00:00,12,13,2022-12-06T12:00:00,2022-12-06T13:00:00,0.0,1.0,0.9999999999999991,0.0,0.9999999999999991,0.0,0.0,0.0,Both
2022120613,20221206,2022-12-06T00:00:00,13,14,2022-12-06T13:00:00,2022-12-06T14:00:00,74.0,1.0,0.9999999999999991,0.14167333333333143,0.8583266666666677,0.14167333333333157,0.14167333333333157,0.0,Both
2022120614,20221206,2022-12-06T00:00:00,14,15,2022-12-06T14:00:00,2022-12-06T15:00:00,274.0,1.0,0.9999999999999991,0.46638888888888846,0.5336111111111107,0.46638888888888885,0.46638888888888885,-1.1102230246251565e-16,Both
2022120615,20221206,2022-12-06T00:00:00,15,16,2022-12-06T15:00:00,2022-12-06T16:00:00,457.0,1.0,0.9999999999999991,0.716645277777775,0.28335472222222413,0.7166452777777756,0.7166452777777756,0.0,Both
2022120616,20221206,2022-12-06T00:00:00,16,17,2022-12-06T16:00:00,2022-12-06T17:00:00,67.0,1.0,0.14611111111111103,0.12527694444444412,0.020834166666666914,0.8574087452471466,0.8574087452471466,-1.0408340855860843e-17,Both
2022120811,20221208,2022-12-08T00:00:00,11,12,2022-12-08T11:00:00,2022-12-08T12:00:00,602.0,1.0,0.9999999999999991,0.7296002777777792,0.27039972222221986,0.7296002777777799,0.7296002777777799,0.0,Both
2022120812,20221208,2022-12-08T00:00:00,12,13,2022-12-08T12:00:00,2022-12-08T13:00:00,329.0,1.0,0.9999999999999991,0.5094252777777792,0.4905747222222199,0.5094252777777797,0.5094252777777797,-5.551115123125783e-17,Both
2022120813,20221208,2022-12-08T00:00:00,13,14,2022-12-08T13:00:00,2022-12-08T14:00:00,0.0,1.0,0.9999999999999991,0.0,0.9999999999999991,0.0,0.0,0.0,Both
2022120814,20221208,2022-12-08T00:00:00,14,15,2022-12-08T14:00:00,2022-12-08T15:00:00,293.0,1.0,0.9999999999999991,0.5237722222222234,0.47622777777777575,0.5237722222222239,0.5237722222222239,-5.551115123125783e-17,Both
2022120815,20221208,2022-12-08T00:00:00,15,16,2022-12-08T15:00:00,2022-12-08T16:00:00,89.0,1.0,0.9999999999999991,0.20124972222222204,0.7987502777777771,0.2012497222222222,0.2012497222222222,0.0,Both
2022120816,20221208,2022-12-08T00:00:00,16,17,2022-12-08T16:00:00,2022-12-08T17:00:00,353.0,1.0,0.9999999999999991,0.6695244444444425,0.3304755555555567,0.669524444444443,0.669524444444443,-5.551115123125783e-17,Both
2022120817,20221208,2022-12-08T00:00:00,17,18,2022-12-08T17:00:00,2022-12-08T18:00:00,190.0,1.0,0.9999999999999991,0.5374797222222196,0.4625202777777796,0.5374797222222201,0.5374797222222201,-1.1102230246251565e-16,Both
2022121307,20221213,2022-12-13T00:00:00,7,8,2022-12-13T07:00:00,2022-12-13T08:00:00,10.0,1.0,0.9197222222222214,0.015000000000000001,0.9047222222222214,0.016309272123225627,0.016309272123225627,0.0,Both
2022121308,20221213,2022-12-13T00:00:00,8,9,2022-12-13T08:00:00,2022-12-13T09:00:00,106.0,1.0,0.9999999999999991,0.058333333333333244,0.9416666666666659,0.05833333333333329,0.05833333333333329,0.0,Both
2022121309,20221213,2022-12-13T00:00:00,9,10,2022-12-13T09:00:00,2022-12-13T10:00:00,2.0,1.0,0.9999999999999991,0.005833333333333242,0.994166666666666,0.005833333333333247,0.005833333333333247,-1.1102230246251565e-16,Both
2022121310,20221213,2022-12-13T00:00:00,10,11,2022-12-13T10:00:00,2022-12-13T11:00:00,291.0,1.0,0.9999999999999991,0.7374177777777755,0.2625822222222236,0.7374177777777762,0.7374177777777762,0.0,Both
2022121311,20221213,2022-12-13T00:00:00,11,12,2022-12-13T11:00:00,2022-12-13T12:00:00,258.0,1.0,0.9999999999999991,0.5749933333333356,0.42500666666666354,0.5749933333333361,0.5749933333333361,0.0,Both
2022121312,20221213,2022-12-13T00:00:00,12,13,2022-12-13T12:00:00,2022-12-13T13:00:00,54.0,1.0,0.9999999999999991,0.16111111111111096,0.8388888888888882,0.1611111111111111,0.1611111111111111,-1.1102230246251565e-16,Both
2022121313,20221213,2022-12-13T00:00:00,13,14,2022-12-13T13:00:00,2022-12-13T14:00:00,19.0,1.0,0.9999999999999991,0.03749999999999984,0.9624999999999994,0.037499999999999874,0.037499999999999874,-1.1102230246251565e-16,Both
2022121314,20221213,2022-12-13T00:00:00,14,15,2022-12-13T14:00:00,2022-12-13T15:00:00,184.0,1.0,0.9999999999999991,0.46250333333333554,0.5374966666666636,0.46250333333333593,0.46250333333333593,0.0,Both
2022121315,20221213,2022-12-13T00:00:00,15,16,2022-12-13T15:00:00,2022-12-13T16:00:00,71.0,1.0,0.9999999999999991,0.11379888888888776,0.8862011111111114,0.11379888888888785,0.11379888888888785,-1.1102230246251565e-16,Both
2022121316,20221213,2022-12-13T00:00:00,16,17,2022-12-13T16:00:00,2022-12-13T17:00:00,399.0,1.0,0.973888888888888,0.7280522222222271,0.24583666666666096,0.7475721620079919,0.7475721620079919,-2.7755575615628914e-17,Both
2022121616,20221216,2022-12-16T00:00:00,16,17,2022-12-16T16:00:00,2022-12-16T17:00:00,104.0,1.0,0.46194444444444405,0.20775083333332886,0.25419361111111516,0.4497312086590406,0.4497312086590406,0.0,Both
2022121617,20221216,2022-12-16T00:00:00,17,18,2022-12-16T17:00:00,2022-12-16T18:00:00,121.0,1.0,0.5297222222222219,0.20059249999999693,0.32912972222222486,0.3786748820136284,0.3786748820136284,5.551115123125783e-17,Both
2022121911,20221219,2022-12-19T00:00:00,11,12,2022-12-19T11:00:00,2022-12-19T12:00:00,205.0,1.0,0.9649999999999992,0.3375016666666662,0.627498333333333,0.3497426597582036,0.3497426597582036,0.0,Both
2022121912,20221219,2022-12-19T00:00:00,12,13,2022-12-19T12:00:00,2022-12-19T13:00:00,0.0,1.0,0.9999999999999991,0.0,0.9999999999999991,0.0,0.0,0.0,Both
2022121913,20221219,2022-12-19T00:00:00,13,14,2022-12-19T13:00:00,2022-12-19T14:00:00,0.0,1.0,0.9999999999999991,0.0,0.9999999999999991,0.0,0.0,0.0,Both
2022121914,20221219,2022-12-19T00:00:00,14,15,2022-12-19T14:00:00,2022-12-19T15:00:00,150.0,1.0,0.9999999999999991,0.24168055555555742,0.7583194444444418,0.24168055555555765,0.24168055555555765,-1.1102230246251565e-16,Both
2022121915,20221219,2022-12-19T00:00:00,15,16,2022-12-19T15:00:00,2022-12-19T16:00:00,129.0,1.0,0.9999999999999991,0.20832888888889012,0.791671111111109,0.2083288888888903,0.2083288888888903,0.0,Both
2022121916,20221219,2022-12-19T00:00:00,16,17,2022-12-19T16:00:00,2022-12-19T17:00:00,59.0,1.0,0.7769444444444439,0.09585750000000208,0.6810869444444417,0.12337754737218724,0.12337754737218724,1.1102230246251565e-16,Both
2022122011,20221220,2022-12-20T00:00:00,11,12,2022-12-20T11:00:00,2022-12-20T12:00:00,111.0,1.0,0.3577777777777775,0.22027361111111102,0.13750416666666643,0.6156715838509319,0.6156715838509319,2.7755575615628914e-17,Both
2022122012,20221220,2022-12-20T00:00:00,12,13,2022-12-20T12:00:00,2022-12-20T13:00:00,246.0,1.0,0.9999999999999991,0.47558333333333325,0.5244166666666659,0.4755833333333337,0.4755833333333337,0.0,Both
2022122013,20221220,2022-12-20T00:00:00,13,14,2022-12-20T13:00:00,2022-12-20T14:00:00,0.0,1.0,0.9999999999999991,0.0,0.9999999999999991,0.0,0.0,0.0,Both
2022122014,20221220,2022-12-20T00:00:00,14,15,2022-12-20T14:00:00,2022-12-20T15:00:00,379.0,1.0,0.9999999999999991,0.5050672222222281,0.49493277777777106,0.5050672222222286,0.5050672222222286,-5.551115123125783e-17,Both
2022122015,20221220,2022-12-20T00:00:00,15,16,2022-12-20T15:00:00,2022-12-20T16:00:00,508.0,1.0,0.9999999999999991,0.7707636111111198,0.22923638888887937,0.7707636111111205,0.7707636111111205,-5.551115123125783e-17,Both
2022122016,20221220,2022-12-20T00:00:00,16,17,2022-12-20T16:00:00,2022-12-20T17:00:00,413.0,1.0,0.9999999999999991,0.6374511111111069,0.3625488888888923,0.6374511111111074,0.6374511111111074,-5.551115123125783e-17,Both
2022122017,20221220,2022-12-20T00:00:00,17,18,2022-12-20T17:00:00,2022-12-20T18:00:00,284.0,1.0,0.6816666666666661,0.5233455555555557,0.15832111111111036,0.7677440912795445,0.7677440912795445,0.0,Both
2022122110,20221221,2022-12-21T00:00:00,10,11,2022-12-21T10:00:00,2022-12-21T11:00:00,302.0,1.0,0.9999999999999991,0.541662222222222,0.4583377777777772,0.5416622222222225,0.5416622222222225,-1.1102230246251565e-16,Both
2022122111,20221221,2022-12-21T00:00:00,11,12,2022-12-21T11:00:00,2022-12-21T12:00:00,365.0,1.0,0.9999999999999991,0.6247205555555538,0.37527944444444533,0.6247205555555544,0.6247205555555544,-5.551115123125783e-17,Both
2022122112,20221221,2022-12-21T00:00:00,12,13,2022-12-21T12:00:00,2022-12-21T13:00:00,36.0,1.0,0.9999999999999991,0.05055555555555548,0.9494444444444436,0.05055555555555552,0.05055555555555552,0.0,Both
2022122113,20221221,2022-12-21T00:00:00,13,14,2022-12-21T13:00:00,2022-12-21T14:00:00,0.0,1.0,0.9999999999999991,0.0,0.9999999999999991,0.0,0.0,0.0,Both
2022122114,20221221,2022-12-21T00:00:00,14,15,2022-12-21T14:00:00,2022-12-21T15:00:00,143.0,1.0,0.9999999999999991,0.20223805555555452,0.7977619444444446,0.20223805555555469,0.20223805555555469,0.0,Both
2022122115,20221221,2022-12-21T00:00:00,15,16,2022-12-21T15:00:00,2022-12-21T16:00:00,407.0,1.0,0.9999999999999991,0.8124908333333336,0.1875091666666656,0.8124908333333343,0.8124908333333343,-8.326672684688674e-17,Both
2022122116,20221221,2022-12-21T00:00:00,16,17,2022-12-21T16:00:00,2022-12-21T17:00:00,397.0,1.0,0.9999999999999991,0.808321111111111,0.19167888888888815,0.8083211111111117,0.8083211111111117,-8.326672684688674e-17,Both
2022122117,20221221,2022-12-21T00:00:00,17,18,2022-12-21T17:00:00,2022-12-21T18:00:00,498.0,1.0,0.9999999999999991,0.6000316666666657,0.39996833333333337,0.6000316666666663,0.6000316666666663,0.0,Both
2022122211,20221222,2022-12-22T00:00:00,11,12,2022-12-22T11:00:00,2022-12-22T12:00:00,434.0,1.0,0.9999999999999991,0.78345611111111,0.21654388888888915,0.7834561111111107,0.7834561111111107,-5.551115123125783e-17,Both
2022122212,20221222,2022-12-22T00:00:00,12,13,2022-12-22T12:00:00,2022-12-22T13:00:00,40.0,1.0,0.9999999999999991,0.02916666666666654,0.9708333333333327,0.029166666666666563,0.029166666666666563,-1.1102230246251565e-16,Both
2022122213,20221222,2022-12-22T00:00:00,13,14,2022-12-22T13:00:00,2022-12-22T14:00:00,0.0,1.0,0.9999999999999991,0.0,0.9999999999999991,0.0,0.0,0.0,Both
2022122214,20221222,2022-12-22T00:00:00,14,15,2022-12-22T14:00:00,2022-12-22T15:00:00,0.0,1.0,0.9999999999999991,0.0,0.9999999999999991,0.0,0.0,0.0,Both
2022122215,20221222,2022-12-22T00:00:00,15,16,2022-12-22T15:00:00,2022-12-22T16:00:00,441.0,1.0,0.9999999999999991,0.9538888888888881,0.046111111111111075,0.953888888888889,0.953888888888889,-8.326672684688674e-17,Both
2022122216,20221222,2022-12-22T00:00:00,16,17,2022-12-22T16:00:00,2022-12-22T17:00:00,422.0,1.0,0.9999999999999991,0.7916666666666654,0.20833333333333376,0.7916666666666661,0.7916666666666661,-5.551115123125783e-17,Both
2022122309,20221223,2022-12-23T00:00:00,9,10,2022-12-23T09:00:00,2022-12-23T10:00:00,160.0,1.0,0.9999999999999991,0.7833277777777765,0.21667222222222265,0.7833277777777772,0.7833277777777772,-5.551115123125783e-17,Both
2022122310,20221223,2022-12-23T00:00:00,10,11,2022-12-23T10:00:00,2022-12-23T11:00:00,349.0,1.0,0.9999999999999991,0.699988055555555,0.30001194444444423,0.6999880555555557,0.6999880555555557,-1.1102230246251565e-16,Both
2022122311,20221223,2022-12-23T00:00:00,11,12,2022-12-23T11:00:00,2022-12-23T12:00:00,319.0,1.0,0.9999999999999991,0.5499894444444435,0.4500105555555557,0.549989444444444,0.549989444444444,-1.1102230246251565e-16,Both
2022122312,20221223,2022-12-23T00:00:00,12,13,2022-12-23T12:00:00,2022-12-23T13:00:00,230.0,1.0,0.768055555555555,0.5305558333333348,0.23749972222222018,0.6907779385171814,0.6907779385171814,8.326672684688674e-17,Both
2022122615,20221226,2022-12-26T00:00:00,15,16,2022-12-26T15:00:00,2022-12-26T16:00:00,60.0,1.0,0.21055555555555538,0.0063788888888902055,0.20417666666666517,0.030295514511879628,0.030295514511879628,0.0,Both
2022122616,20221226,2022-12-26T00:00:00,16,17,2022-12-26T16:00:00,2022-12-26T17:00:00,282.0,1.0,0.7019444444444439,0.5144472222222225,0.1874972222222214,0.7328888009497437,0.7328888009497437,2.7755575615628914e-17,Both
2022122710,20221227,2022-12-27T00:00:00,10,11,2022-12-27T10:00:00,2022-12-27T11:00:00,244.0,1.0,0.360833333333333,0.33583138888888764,0.025001944444445347,0.9307105465742853,0.9307105465742853,2.0816681711721685e-17,Both
2022122711,20221227,2022-12-27T00:00:00,11,12,2022-12-27T11:00:00,2022-12-27T12:00:00,203.0,1.0,0.9999999999999991,0.34996916666666744,0.6500308333333317,0.3499691666666678,0.3499691666666678,0.0,Both
2022122712,20221227,2022-12-27T00:00:00,12,13,2022-12-27T12:00:00,2022-12-27T13:00:00,294.0,1.0,0.9999999999999991,0.45180583333333374,0.5481941666666654,0.45180583333333413,0.45180583333333413,0.0,Both
2022122713,20221227,2022-12-27T00:00:00,13,14,2022-12-27T13:00:00,2022-12-27T14:00:00,0.0,1.0,0.9999999999999991,0.0,0.9999999999999991,0.0,0.0,0.0,Both
2022122714,20221227,2022-12-27T00:00:00,14,15,2022-12-27T14:00:00,2022-12-27T15:00:00,0.0,1.0,0.9999999999999991,0.0,0.9999999999999991,0.0,0.0,0.0,Both
2022122715,20221227,2022-12-27T00:00:00,15,16,2022-12-27T15:00:00,2022-12-27T16:00:00,228.0,1.0,0.9999999999999991,0.3688222222222196,0.6311777777777796,0.36882222222221994,0.36882222222221994,-1.1102230246251565e-16,Both
2022122716,20221227,2022-12-27T00:00:00,16,17,2022-12-27T16:00:00,2022-12-27T17:00:00,189.0,1.0,0.9999999999999991,0.22147749999999777,0.7785225000000014,0.22147749999999797,0.22147749999999797,-1.1102230246251565e-16,Both
2022122717,20221227,2022-12-27T00:00:00,17,18,2022-12-27T17:00:00,2022-12-27T18:00:00,45.0,1.0,0.16249999999999987,0.08049916666666797,0.0820008333333319,0.4953794871794956,0.4953794871794956,0.0,Both
2022122811,20221228,2022-12-28T00:00:00,11,12,2022-12-28T11:00:00,2022-12-28T12:00:00,253.0,1.0,0.8447222222222215,0.3780405555555534,0.46668166666666805,0.4475323906609646,0.4475323906609646,5.551115123125783e-17,Both
2022122812,20221228,2022-12-28T00:00:00,12,13,2022-12-28T12:00:00,2022-12-28T13:00:00,259.0,1.0,0.9999999999999991,0.5469419444444452,0.453058055555554,0.5469419444444457,0.5469419444444457,-1.1102230246251565e-16,Both
2022122813,20221228,2022-12-28T00:00:00,13,14,2022-12-28T13:00:00,2022-12-28T14:00:00,0.0,1.0,0.9999999999999991,0.0,0.9999999999999991,0.0,0.0,0.0,Both
2022122814,20221228,2022-12-28T00:00:00,14,15,2022-12-28T14:00:00,2022-12-28T15:00:00,158.0,1.0,0.9999999999999991,0.2415366666666646,0.7584633333333346,0.24153666666666482,0.24153666666666482,-1.1102230246251565e-16,Both
2022122815,20221228,2022-12-28T00:00:00,15,16,2022-12-28T15:00:00,2022-12-28T16:00:00,143.0,1.0,0.4888888888888885,0.25841138888888854,0.23047749999999995,0.5285687499999997,0.5285687499999997,0.0,Both
2022123011,20221230,2022-12-30T00:00:00,11,12,2022-12-30T11:00:00,2022-12-30T12:00:00,300.0,1.0,0.9999999999999991,0.7708341666666672,0.22916583333333201,0.7708341666666678,0.7708341666666678,-5.551115123125783e-17,Both
2022123012,20221230,2022-12-30T00:00:00,12,13,2022-12-30T12:00:00,2022-12-30T13:00:00,8.0,1.0,0.9999999999999991,0.016388888888888828,0.9836111111111103,0.016388888888888842,0.016388888888888842,0.0,Both
2022123013,20221230,2022-12-30T00:00:00,13,14,2022-12-30T13:00:00,2022-12-30T14:00:00,11.0,1.0,0.9999999999999991,0.003333333333333352,0.9966666666666658,0.0033333333333333552,0.0033333333333333552,0.0,Both
2022123014,20221230,2022-12-30T00:00:00,14,15,2022-12-30T14:00:00,2022-12-30T15:00:00,205.0,1.0,0.9999999999999991,0.5957886111111094,0.40421138888888974,0.5957886111111099,0.5957886111111099,0.0,Both
2022123015,20221230,2022-12-30T00:00:00,15,16,2022-12-30T15:00:00,2022-12-30T16:00:00,318.0,1.0,0.9999999999999991,0.7333194444444386,0.2666805555555605,0.7333194444444393,0.7333194444444393,0.0,Both
2022123016,20221230,2022-12-30T00:00:00,16,17,2022-12-30T16:00:00,2022-12-30T17:00:00,232.0,1.0,0.590833333333333,0.31998083333333305,0.27085249999999994,0.5415754583921014,0.5415754583921014,0.0,Both
2023010217,20230102,2023-01-02T00:00:00,17,18,2023-01-02T17:00:00,2023-01-02T18:00:00,312.0,1.0,0.9088888888888881,0.4838702777777777,0.4250186111111104,0.5323756112469441,0.5323756112469441,0.0,Both
2023011115,20230111,2023-01-11T00:00:00,15,16,2023-01-11T15:00:00,2023-01-11T16:00:00,457.0,1.0,0.7861111111111104,0.5319916666666648,0.2541194444444457,0.6767385159010583,0.6767385159010583,0.0,Both
2023011116,20230111,2023-01-11T00:00:00,16,17,2023-01-11T16:00:00,2023-01-11T17:00:00,633.0,1.0,0.9999999999999991,0.8749886111111077,0.1250113888888914,0.8749886111111085,0.8749886111111085,0.0,Both
2023011117,20230111,2023-01-11T00:00:00,17,18,2023-01-11T17:00:00,2023-01-11T18:00:00,254.0,1.0,0.5055555555555551,0.4138977777777818,0.09165777777777333,0.8186989010989099,0.8186989010989099,-4.163336342344337e-17,Both
2023011314,20230113,2023-01-13T00:00:00,14,15,2023-01-13T14:00:00,2023-01-13T15:00:00,219.0,1.0,0.5097222222222217,0.3888855555555563,0.1208366666666655,0.7629362397820185,0.7629362397820185,-6.938893903907228e-17,Both
2023011315,20230113,2023-01-13T00:00:00,15,16,2023-01-13T15:00:00,2023-01-13T16:00:00,446.0,1.0,0.9999999999999991,0.6583491666666678,0.3416508333333314,0.6583491666666683,0.6583491666666683,-5.551115123125783e-17,Both
2023011316,20230113,2023-01-13T00:00:00,16,17,2023-01-13T16:00:00,2023-01-13T17:00:00,178.0,1.0,0.7486111111111106,0.2895922222222244,0.4590188888888861,0.3868393320964782,0.3868393320964782,5.551115123125783e-17,Both
2023011612,20230116,2023-01-16T00:00:00,12,13,2023-01-16T12:00:00,2023-01-16T13:00:00,574.0,1.0,0.9999999999999991,0.5807483333333353,0.4192516666666638,0.5807483333333359,0.5807483333333359,0.0,Both
2023011613,20230116,2023-01-16T00:00:00,13,14,2023-01-16T13:00:00,2023-01-16T14:00:00,0.0,1.0,0.9999999999999991,0.0,0.9999999999999991,0.0,0.0,0.0,Both
2023011614,20230116,2023-01-16T00:00:00,14,15,2023-01-16T14:00:00,2023-01-16T15:00:00,71.0,1.0,0.9999999999999991,0.1649958333333363,0.8350041666666629,0.16499583333333645,0.16499583333333645,-1.1102230246251565e-16,Both
2023011615,20230116,2023-01-16T00:00:00,15,16,2023-01-16T15:00:00,2023-01-16T16:00:00,562.0,1.0,0.9999999999999991,0.704158888888886,0.2958411111111132,0.7041588888888867,0.7041588888888867,-1.1102230246251565e-16,Both
2023011616,20230116,2023-01-16T00:00:00,16,17,2023-01-16T16:00:00,2023-01-16T17:00:00,506.0,1.0,0.9999999999999991,0.6541447222222277,0.3458552777777714,0.6541447222222283,0.6541447222222283,-5.551115123125783e-17,Both
2023011617,20230116,2023-01-16T00:00:00,17,18,2023-01-16T17:00:00,2023-01-16T18:00:00,191.0,1.0,0.9999999999999991,0.2749683333333334,0.7250316666666657,0.27496833333333365,0.27496833333333365,-1.1102230246251565e-16,Both
2023011915,20230119,2023-01-19T00:00:00,15,16,2023-01-19T15:00:00,2023-01-19T16:00:00,599.0,1.0,0.8088888888888882,0.7755638888888877,0.033325000000000465,0.9588015109890103,0.9588015109890103,2.7755575615628914e-17,Both
2023011916,20230119,2023-01-19T00:00:00,16,17,2023-01-19T16:00:00,2023-01-19T17:00:00,398.0,1.0,0.9999999999999991,0.5207838888888872,0.479216111111112,0.5207838888888876,0.5207838888888876,-5.551115123125783e-17,Both
2023011917,20230119,2023-01-19T00:00:00,17,18,2023-01-19T17:00:00,2023-01-19T18:00:00,126.0,1.0,0.29555555555555535,0.1913788888888897,0.10417666666666561,0.6475225563909807,0.6475225563909807,2.7755575615628914e-17,Both
2023012016,20230120,2023-01-20T00:00:00,16,17,2023-01-20T16:00:00,2023-01-20T17:00:00,370.0,1.0,0.9999999999999991,0.4399838888888878,0.5600161111111114,0.4399838888888882,0.4399838888888882,-1.1102230246251565e-16,Both
2023012017,20230120,2023-01-20T00:00:00,17,18,2023-01-20T17:00:00,2023-01-20T18:00:00,316.0,1.0,0.9999999999999991,0.3722197222222206,0.6277802777777786,0.37221972222222094,0.37221972222222094,0.0,Both
2023012018,20230120,2023-01-20T00:00:00,18,19,2023-01-20T18:00:00,2023-01-20T19:00:00,625.0,1.0,0.9152777777777771,0.8402811111111134,0.07499666666666366,0.9180613050075904,0.9180613050075904,5.551115123125783e-17,Both
2023012415,20230124,2023-01-24T00:00:00,15,16,2023-01-24T15:00:00,2023-01-24T16:00:00,447.0,1.0,0.5338888888888885,0.2797122222222182,0.25417666666667027,0.5239146722164341,0.5239146722164341,5.551115123125783e-17,Both
2023012416,20230124,2023-01-24T00:00:00,16,17,2023-01-24T16:00:00,2023-01-24T17:00:00,211.0,1.0,0.4286111111111108,0.33700361111111055,0.09160750000000022,0.7862689565780939,0.7862689565780939,1.3877787807814457e-17,Both
2023012711,20230127,2023-01-27T00:00:00,11,12,2023-01-27T11:00:00,2023-01-27T12:00:00,435.0,1.0,0.9119444444444437,0.6869363888888887,0.22500805555555498,0.7532656107219012,0.7532656107219012,-5.551115123125783e-17,Both
2023012712,20230127,2023-01-27T00:00:00,12,13,2023-01-27T12:00:00,2023-01-27T13:00:00,173.0,1.0,0.9999999999999991,0.21739361111110944,0.7826063888888898,0.21739361111110964,0.21739361111110964,-1.1102230246251565e-16,Both
2023012713,20230127,2023-01-27T00:00:00,13,14,2023-01-27T13:00:00,2023-01-27T14:00:00,0.0,1.0,0.9999999999999991,0.0,0.9999999999999991,0.0,0.0,0.0,Both
2023012714,20230127,2023-01-27T00:00:00,14,15,2023-01-27T14:00:00,2023-01-27T15:00:00,377.0,1.0,0.9999999999999991,0.5563988888888907,0.44360111111110856,0.5563988888888911,0.5563988888888911,-1.1102230246251565e-16,Both
2023012715,20230127,2023-01-27T00:00:00,15,16,2023-01-27T15:00:00,2023-01-27T16:00:00,430.0,1.0,0.9999999999999991,0.5874877777777779,0.41251222222222117,0.5874877777777785,0.5874877777777785,0.0,Both
2023012716,20230127,2023-01-27T00:00:00,16,17,2023-01-27T16:00:00,2023-01-27T17:00:00,277.0,1.0,0.4105555555555553,0.4105555555555553,0.0,1.0,1.0,0.0,Both
2023013113,20230131,2023-01-31T00:00:00,13,14,2023-01-31T13:00:00,2023-01-31T14:00:00,109.0,1.0,0.40416666666666634,0.26665611111111664,0.1375105555555497,0.6597676975945159,0.6597676975945159,0.0,Both
2023013114,20230131,2023-01-31T00:00:00,14,15,2023-01-31T14:00:00,2023-01-31T15:00:00,301.0,1.0,0.9999999999999991,0.7334077777777745,0.26659222222222456,0.7334077777777752,0.7334077777777752,0.0,Both
2023013115,20230131,2023-01-31T00:00:00,15,16,2023-01-31T15:00:00,2023-01-31T16:00:00,197.0,1.0,0.9999999999999991,0.47496222222222473,0.5250377777777744,0.47496222222222517,0.47496222222222517,0.0,Both
2023013116,20230131,2023-01-31T00:00:00,16,17,2023-01-31T16:00:00,2023-01-31T17:00:00,248.0,1.0,0.7919444444444438,0.5085838888888913,0.2833605555555525,0.6421964223079657,0.6421964223079657,0.0,Both
2023020713,20230207,2023-02-07T00:00:00,13,14,2023-02-07T13:00:00,2023-02-07T14:00:00,37.0,1.0,0.33311361111111254,0.08305694444444527,0.25005666666666726,0.24933518677728542,0.24933518677728542,0.0,Both
2023020714,20230207,2023-02-07T00:00:00,14,15,2023-02-07T14:00:00,2023-02-07T15:00:00,266.0,1.0,0.9999999999999991,0.45827611111110894,0.5417238888888902,0.45827611111110933,0.45827611111110933,0.0,Both
2023020715,20230207,2023-02-07T00:00:00,15,16,2023-02-07T15:00:00,2023-02-07T16:00:00,250.0,1.0,0.9999999999999991,0.8291444444444462,0.17085555555555296,0.829144444444447,0.829144444444447,-8.326672684688674e-17,Both
2023020716,20230207,2023-02-07T00:00:00,16,17,2023-02-07T16:00:00,2023-02-07T17:00:00,58.0,1.0,0.3252777777777775,0.12943472222222374,0.19584305555555379,0.3979205807002612,0.3979205807002612,-2.7755575615628914e-17,Both
2023021010,20230210,2023-02-10T00:00:00,10,11,2023-02-10T10:00:00,2023-02-10T11:00:00,115.0,1.0,0.337222222222222,0.18304666666666636,0.15417555555555562,0.5428072487644147,0.5428072487644147,0.0,Both
2023021011,20230210,2023-02-10T00:00:00,11,12,2023-02-10T11:00:00,2023-02-10T12:00:00,314.0,1.0,0.9999999999999991,0.45867416666666344,0.5413258333333357,0.45867416666666383,0.45867416666666383,0.0,Both
2023021012,20230210,2023-02-10T00:00:00,12,13,2023-02-10T12:00:00,2023-02-10T13:00:00,0.0,1.0,0.9999999999999991,0.0,0.9999999999999991,0.0,0.0,0.0,Both
2023021013,20230210,2023-02-10T00:00:00,13,14,2023-02-10T13:00:00,2023-02-10T14:00:00,188.0,1.0,0.9999999999999991,0.2704402777777745,0.7295597222222246,0.27044027777777474,0.27044027777777474,-1.1102230246251565e-16,Both
2023021014,20230210,2023-02-10T00:00:00,14,15,2023-02-10T14:00:00,2023-02-10T15:00:00,430.0,1.0,0.9999999999999991,0.5958086111111095,0.4041913888888896,0.59580861111111,0.59580861111111,0.0,Both
2023021015,20230210,2023-02-10T00:00:00,15,16,2023-02-10T15:00:00,2023-02-10T16:00:00,242.0,1.0,0.9999999999999991,0.9250255555555552,0.07497444444444396,0.925025555555556,0.925025555555556,-5.551115123125783e-17,Both
